#
# There is insufficient memory for the Java Runtime Environment to continue.
# Native memory allocation (mmap) failed to map 385875968 bytes. Error detail: G1 virtual space
# Possible reasons:
#   The system is out of physical RAM or swap space
#   This process is running with CompressedOops enabled, and the Java Heap may be blocking the growth of the native heap
# Possible solutions:
#   Reduce memory load on the system
#   Increase physical memory or swap space
#   Check if swap backing store is full
#   Decrease Java heap size (-Xmx/-Xms)
#   Decrease number of Java threads
#   Decrease Java thread stack sizes (-Xss)
#   Set larger code cache with -XX:ReservedCodeCacheSize=
#   JVM is running with Zero Based Compressed Oops mode in which the Java heap is
#     placed in the first 32GB address space. The Java Heap base address is the
#     maximum limit for the native heap growth. Please use -XX:HeapBaseMinAddress
#     to set the Java Heap base and to place the Java Heap above 32GB virtual address.
# This output file may be truncated or incomplete.
#
#  Out of Memory Error (os_windows.cpp:3732), pid=7184, tid=12744
#
# JRE version: OpenJDK Runtime Environment Temurin-21.0.12+8 (21.0.12+8) (build 21.0.12+8-LTS)
# Java VM: OpenJDK 64-Bit Server VM Temurin-21.0.12+8 (21.0.12+8-LTS, mixed mode, sharing, tiered, compressed oops, compressed class ptrs, g1 gc, windows-amd64)
# No core dump will be written. Minidumps are not enabled by default on client versions of Windows
#

---------------  S U M M A R Y ------------

Command Line: --add-opens=java.base/java.lang=ALL-UNNAMED --add-opens=java.base/java.lang.invoke=ALL-UNNAMED --add-opens=java.base/java.util=ALL-UNNAMED --add-opens=java.prefs/java.util.prefs=ALL-UNNAMED --add-exports=jdk.compiler/com.sun.tools.javac.api=ALL-UNNAMED --add-exports=jdk.compiler/com.sun.tools.javac.util=ALL-UNNAMED --add-opens=java.base/java.util=ALL-UNNAMED --add-opens=java.prefs/java.util.prefs=ALL-UNNAMED --add-opens=java.base/java.nio.charset=ALL-UNNAMED --add-opens=java.base/java.net=ALL-UNNAMED --add-opens=java.base/java.util.concurrent=ALL-UNNAMED --add-opens=java.base/java.util.concurrent.atomic=ALL-UNNAMED --add-opens=java.xml/javax.xml.namespace=ALL-UNNAMED --add-opens=java.base/java.time=ALL-UNNAMED -XX:MaxMetaspaceSize=4G -XX:ReservedCodeCacheSize=512m -XX:+HeapDumpOnOutOfMemoryError -Xmx8G -Dfile.encoding=UTF-8 -Duser.country=IN -Duser.language=en -Duser.variant -javaagent:C:\Users\home\.gradle\wrapper\dists\gradle-9.1.0-all\7wzd0jkjit61aq2p43wpjgij9\gradle-9.1.0\lib\agents\gradle-instrumentation-agent-9.1.0.jar org.gradle.launcher.daemon.bootstrap.GradleDaemon 9.1.0

Host: AMD Ryzen 3 3250U with Radeon Graphics         , 4 cores, 5G,  Windows 11 , 64 bit Build 26100 (10.0.26100.9278)
Time: Sat Sep  5 19:58:52 2026 India Standard Time elapsed time: 3237.814084 seconds (0d 0h 53m 57s)

---------------  T H R E A D  ---------------

Current thread (0x000001f552351520):  VMThread "VM Thread"          [id=12744, stack(0x0000000714b00000,0x0000000714c00000) (1024K)]

Stack: [0x0000000714b00000,0x0000000714c00000]
Native frames: (J=compiled Java code, j=interpreted, Vv=VM code, C=native code)
V  [jvm.dll+0x6d83e9]
V  [jvm.dll+0x8b5736]
V  [jvm.dll+0x8b7cee]
V  [jvm.dll+0x8b83d3]
V  [jvm.dll+0x284596]
V  [jvm.dll+0x6d4d05]
V  [jvm.dll+0x6c898a]
V  [jvm.dll+0x35f2f8]
V  [jvm.dll+0x366f36]
V  [jvm.dll+0x3b804e]
V  [jvm.dll+0x3b82f8]
V  [jvm.dll+0x33320c]
V  [jvm.dll+0x33329a]
V  [jvm.dll+0x377382]
V  [jvm.dll+0x375b1a]
V  [jvm.dll+0x332951]
V  [jvm.dll+0x37517a]
V  [jvm.dll+0x8be0c0]
V  [jvm.dll+0x8bf434]
V  [jvm.dll+0x8bf960]
V  [jvm.dll+0x8bfc03]
V  [jvm.dll+0x8600cd]
V  [jvm.dll+0x6d6c1d]
C  [ucrtbase.dll+0x2cd30]
C  [KERNEL32.DLL+0x2ccb7]
C  [ntdll.dll+0xacaec]

VM_Operation (0x0000000717efa630): G1CollectForAllocation, mode: safepoint, requested by thread 0x000001f5bbd52650


---------------  P R O C E S S  ---------------

Threads class SMR info:
_java_thread_list=0x000001f5ae0f90e0, length=108, elements={
0x000001f51f97fd00, 0x000001f552370430, 0x000001f552371b00, 0x000001f552379810,
0x000001f55237a270, 0x000001f55237d850, 0x000001f552389240, 0x000001f5523954e0,
0x000001f552395f80, 0x000001f554a68660, 0x000001f554aa2d20, 0x000001f59a184eb0,
0x000001f59a0f9c60, 0x000001f59ad5c780, 0x000001f59b745e90, 0x000001f59b748c80,
0x000001f59b746520, 0x000001f59b521ed0, 0x000001f59b5259e0, 0x000001f59b522560,
0x000001f59d16b4b0, 0x000001f5b73f37b0, 0x000001f5b73f5880, 0x000001f5b73f7950,
0x000001f5b73f7fe0, 0x000001f59ed684d0, 0x000001f59d16ae20, 0x000001f59d16d580,
0x000001f59d16a100, 0x000001f5bcc7d020, 0x000001f5bcc7d6b0, 0x000001f5bcc811c0,
0x000001f5bcc7dd40, 0x000001f5bcc84640, 0x000001f5bcc84cd0, 0x000001f5bcc85360,
0x000001f5bcc81ee0, 0x000001f5bcc83920, 0x000001f5bcc859f0, 0x000001f5bcc83290,
0x000001f5bcc82c00, 0x000001f5bcc82570, 0x000001f5bcc86080, 0x000001f5bcc86da0,
0x000001f5bcc87430, 0x000001f5bcc89500, 0x000001f5bcc887e0, 0x000001f5bcc89b90,
0x000001f5bcc86710, 0x000001f5bcc87ac0, 0x000001f5bcc88150, 0x000001f5bcc88e70,
0x000001f5bcc8a220, 0x000001f5bbd4fef0, 0x000001f5bbd4ca70, 0x000001f5bbd51930,
0x000001f5bbd50580, 0x000001f5bbd51fc0, 0x000001f5bbd52650, 0x000001f5bbd4f1d0,
0x000001f5bbd53370, 0x000001f5bbd53a00, 0x000001f5b9057a50, 0x000001f5b90552f0,
0x000001f5b90580e0, 0x000001f5b90566a0, 0x000001f5b9055980, 0x000001f5b9056010,
0x000001f5b9056d30, 0x000001f5b90573c0, 0x000001f5b73f3e40, 0x000001f5b73f3120,
0x000001f5b73f1d70, 0x000001f5b73f2400, 0x000001f5b73f2a90, 0x000001f5b73f9390,
0x000001f5b8a0bc70, 0x000001f5b8a0c990, 0x000001f5b8a10b30, 0x000001f5b8a111c0,
0x000001f5b8a11850, 0x000001f5b8a12570, 0x000001f59ed656e0, 0x000001f59ed65d70,
0x000001f5ae0633b0, 0x000001f5ae062d20, 0x000001f5ae061970, 0x000001f5ae065480,
0x000001f5ae062000, 0x000001f5ae062690, 0x000001f5ae067550, 0x000001f5ae066830,
0x000001f5ae066ec0, 0x000001f5ae0640d0, 0x000001f5ae068f90, 0x000001f5ae067be0,
0x000001f5ae06d130, 0x000001f5ae06a340, 0x000001f5ae06f890, 0x000001f5ae06de50,
0x000001f5ac944690, 0x000001f5ac945a40, 0x000001f5ac942c50, 0x000001f5aff21360,
0x000001f5aff22da0, 0x000001f5aff22080, 0x000001f5aff24e70, 0x000001f5aff24150
}

Java Threads: ( => current thread )
  0x000001f51f97fd00 JavaThread "main"                              [_thread_blocked, id=12000, stack(0x0000000714400000,0x0000000714500000) (1024K)]
  0x000001f552370430 JavaThread "Reference Handler"          daemon [_thread_blocked, id=6064, stack(0x0000000714c00000,0x0000000714d00000) (1024K)]
  0x000001f552371b00 JavaThread "Finalizer"                  daemon [_thread_blocked, id=7444, stack(0x0000000714d00000,0x0000000714e00000) (1024K)]
  0x000001f552379810 JavaThread "Signal Dispatcher"          daemon [_thread_blocked, id=260, stack(0x0000000714e00000,0x0000000714f00000) (1024K)]
  0x000001f55237a270 JavaThread "Attach Listener"            daemon [_thread_blocked, id=9200, stack(0x0000000714f00000,0x0000000715000000) (1024K)]
  0x000001f55237d850 JavaThread "Service Thread"             daemon [_thread_blocked, id=18104, stack(0x0000000715000000,0x0000000715100000) (1024K)]
  0x000001f552389240 JavaThread "Monitor Deflation Thread"   daemon [_thread_blocked, id=16352, stack(0x0000000715100000,0x0000000715200000) (1024K)]
  0x000001f5523954e0 JavaThread "C2 CompilerThread0"         daemon [_thread_blocked, id=15552, stack(0x0000000715200000,0x0000000715300000) (1024K)]
  0x000001f552395f80 JavaThread "C1 CompilerThread0"         daemon [_thread_blocked, id=16696, stack(0x0000000715300000,0x0000000715400000) (1024K)]
  0x000001f554a68660 JavaThread "Common-Cleaner"             daemon [_thread_blocked, id=10324, stack(0x0000000715400000,0x0000000715500000) (1024K)]
  0x000001f554aa2d20 JavaThread "Notification Thread"        daemon [_thread_blocked, id=16620, stack(0x0000000715500000,0x0000000715600000) (1024K)]
  0x000001f59a184eb0 JavaThread "Daemon health stats"               [_thread_blocked, id=19304, stack(0x0000000715a00000,0x0000000715b00000) (1024K)]
  0x000001f59a0f9c60 JavaThread "Incoming local TCP Connector on port 49761"        [_thread_in_native, id=8608, stack(0x0000000715b00000,0x0000000715c00000) (1024K)]
  0x000001f59ad5c780 JavaThread "Daemon periodic checks"            [_thread_blocked, id=2180, stack(0x0000000715900000,0x0000000715a00000) (1024K)]
  0x000001f59b745e90 JavaThread "Cache worker for journal cache (C:\Users\home\.gradle\caches\journal-1)"        [_thread_blocked, id=17780, stack(0x0000000716300000,0x0000000716400000) (1024K)]
  0x000001f59b748c80 JavaThread "File lock request listener"        [_thread_in_native, id=2292, stack(0x0000000716400000,0x0000000716500000) (1024K)]
  0x000001f59b746520 JavaThread "Cache worker for file hash cache (C:\Users\home\.gradle\caches\9.1.0\fileHashes)"        [_thread_blocked, id=16032, stack(0x0000000716500000,0x0000000716600000) (1024K)]
  0x000001f59b521ed0 JavaThread "File watcher server"        daemon [_thread_blocked, id=5528, stack(0x0000000716800000,0x0000000716900000) (1024K)]
  0x000001f59b5259e0 JavaThread "File watcher consumer"      daemon [_thread_blocked, id=17572, stack(0x0000000716900000,0x0000000716a00000) (1024K)]
  0x000001f59b522560 JavaThread "Cache worker for file content cache (C:\Users\home\.gradle\caches\9.1.0\fileContent)"        [_thread_blocked, id=13176, stack(0x0000000716b00000,0x0000000716c00000) (1024K)]
  0x000001f59d16b4b0 JavaThread "Memory manager"                    [_thread_blocked, id=16320, stack(0x0000000717800000,0x0000000717900000) (1024K)]
  0x000001f5b73f37b0 JavaThread "RMI Scheduler(0)"           daemon [_thread_blocked, id=6624, stack(0x0000000718700000,0x0000000718800000) (1024K)]
  0x000001f5b73f5880 JavaThread "RMI GC Daemon"              daemon [_thread_blocked, id=17248, stack(0x0000000718a00000,0x0000000718b00000) (1024K)]
  0x000001f5b73f7950 JavaThread "RMI TCP Accept-0"           daemon [_thread_in_native, id=2928, stack(0x0000000718b00000,0x0000000718c00000) (1024K)]
  0x000001f5b73f7fe0 JavaThread "RMI Reaper"                        [_thread_blocked, id=18564, stack(0x0000000718c00000,0x0000000718d00000) (1024K)]
  0x000001f59ed684d0 JavaThread "jar transforms"                    [_thread_blocked, id=18784, stack(0x0000000718e00000,0x0000000718f00000) (1024K)]
  0x000001f59d16ae20 JavaThread "jar transforms Thread 2"           [_thread_blocked, id=7324, stack(0x0000000719900000,0x0000000719a00000) (1024K)]
  0x000001f59d16d580 JavaThread "jar transforms Thread 3"           [_thread_blocked, id=8252, stack(0x0000000719a00000,0x0000000719b00000) (1024K)]
  0x000001f59d16a100 JavaThread "jar transforms Thread 4"           [_thread_blocked, id=17592, stack(0x0000000719b00000,0x0000000719c00000) (1024K)]
  0x000001f5bcc7d020 JavaThread "Daemon Thread 5"                   [_thread_blocked, id=14668, stack(0x0000000714100000,0x0000000714200000) (1024K)]
  0x000001f5bcc7d6b0 JavaThread "Handler for socket connection from /127.0.0.1:49761 to /127.0.0.1:60407"        [_thread_in_native, id=19440, stack(0x0000000714200000,0x0000000714300000) (1024K)]
  0x000001f5bcc811c0 JavaThread "Cancel handler"                    [_thread_blocked, id=15596, stack(0x0000000714300000,0x0000000714400000) (1024K)]
  0x000001f5bcc7dd40 JavaThread "Daemon worker Thread 5"            [_thread_blocked, id=15220, stack(0x0000000715c00000,0x0000000715d00000) (1024K)]
  0x000001f5bcc84640 JavaThread "Asynchronous log dispatcher for DefaultDaemonConnection: socket connection from /127.0.0.1:49761 to /127.0.0.1:60407"        [_thread_blocked, id=16980, stack(0x0000000715d00000,0x0000000715e00000) (1024K)]
  0x000001f5bcc84cd0 JavaThread "Stdin handler"                     [_thread_blocked, id=2560, stack(0x0000000715e00000,0x0000000715f00000) (1024K)]
  0x000001f5bcc85360 JavaThread "Daemon client event forwarder"        [_thread_blocked, id=7544, stack(0x0000000715f00000,0x0000000716000000) (1024K)]
  0x000001f5bcc81ee0 JavaThread "Cache worker for file hash cache (C:\Flutter Projects\we_drive_partner\android\.gradle\9.1.0\fileHashes)"        [_thread_blocked, id=9172, stack(0x0000000716000000,0x0000000716100000) (1024K)]
  0x000001f5bcc83920 JavaThread "Cache worker for Build Output Cleanup Cache (C:\Flutter Projects\we_drive_partner\android\.gradle\buildOutputCleanup)"        [_thread_blocked, id=16992, stack(0x0000000716100000,0x0000000716200000) (1024K)]
  0x000001f5bcc859f0 JavaThread "Cache worker for checksums cache (C:\Flutter Projects\we_drive_partner\android\.gradle\9.1.0\checksums)"        [_thread_blocked, id=2464, stack(0x0000000716200000,0x0000000716300000) (1024K)]
  0x000001f5bcc83290 JavaThread "Cache worker for cache directory md-supplier (C:\Users\home\.gradle\caches\9.1.0\md-supplier)"        [_thread_blocked, id=6548, stack(0x0000000716600000,0x0000000716700000) (1024K)]
  0x000001f5bcc82c00 JavaThread "Cache worker for cache directory md-rule (C:\Users\home\.gradle\caches\9.1.0\md-rule)"        [_thread_blocked, id=4680, stack(0x0000000716700000,0x0000000716800000) (1024K)]
  0x000001f5bcc82570 JavaThread "Cache worker for Build Output Cleanup Cache (D:\flutter\packages\flutter_tools\gradle\.gradle\buildOutputCleanup)"        [_thread_blocked, id=15560, stack(0x0000000716a00000,0x0000000716b00000) (1024K)]
  0x000001f5bcc86080 JavaThread "Unconstrained build operations"        [_thread_blocked, id=13064, stack(0x0000000716d00000,0x0000000716e00000) (1024K)]
  0x000001f5bcc86da0 JavaThread "Unconstrained build operations Thread 2"        [_thread_blocked, id=17980, stack(0x0000000716e00000,0x0000000716f00000) (1024K)]
  0x000001f5bcc87430 JavaThread "Unconstrained build operations Thread 3"        [_thread_blocked, id=6228, stack(0x0000000716f00000,0x0000000717000000) (1024K)]
  0x000001f5bcc89500 JavaThread "Unconstrained build operations Thread 4"        [_thread_blocked, id=13644, stack(0x0000000717000000,0x0000000717100000) (1024K)]
  0x000001f5bcc887e0 JavaThread "Unconstrained build operations Thread 5"        [_thread_blocked, id=956, stack(0x0000000717100000,0x0000000717200000) (1024K)]
  0x000001f5bcc89b90 JavaThread "Unconstrained build operations Thread 6"        [_thread_blocked, id=1432, stack(0x0000000717200000,0x0000000717300000) (1024K)]
  0x000001f5bcc86710 JavaThread "build event listener"              [_thread_blocked, id=11552, stack(0x0000000717300000,0x0000000717400000) (1024K)]
  0x000001f5bcc87ac0 JavaThread "included builds"                   [_thread_blocked, id=5836, stack(0x0000000717400000,0x0000000717500000) (1024K)]
  0x000001f5bcc88150 JavaThread "Execution worker"                  [_thread_blocked, id=17268, stack(0x0000000717500000,0x0000000717600000) (1024K)]
  0x000001f5bcc88e70 JavaThread "Execution worker Thread 2"         [_thread_blocked, id=9816, stack(0x0000000717600000,0x0000000717700000) (1024K)]
  0x000001f5bcc8a220 JavaThread "Execution worker Thread 3"         [_thread_blocked, id=17512, stack(0x0000000717700000,0x0000000717800000) (1024K)]
  0x000001f5bbd4fef0 JavaThread "Cache worker for execution history cache (D:\flutter\packages\flutter_tools\gradle\.gradle\9.1.0\executionHistory)"        [_thread_blocked, id=7972, stack(0x0000000717900000,0x0000000717a00000) (1024K)]
  0x000001f5bbd4ca70 JavaThread "Unconstrained build operations Thread 7"        [_thread_blocked, id=4300, stack(0x0000000717a00000,0x0000000717b00000) (1024K)]
  0x000001f5bbd51930 JavaThread "Unconstrained build operations Thread 8"        [_thread_blocked, id=15588, stack(0x0000000717b00000,0x0000000717c00000) (1024K)]
  0x000001f5bbd50580 JavaThread "Unconstrained build operations Thread 9"        [_thread_blocked, id=4340, stack(0x0000000717c00000,0x0000000717d00000) (1024K)]
  0x000001f5bbd51fc0 JavaThread "Unconstrained build operations Thread 10"        [_thread_blocked, id=16060, stack(0x0000000717d00000,0x0000000717e00000) (1024K)]
  0x000001f5bbd52650 JavaThread "Unconstrained build operations Thread 11"        [_thread_blocked, id=18896, stack(0x0000000717e00000,0x0000000717f00000) (1024K)]
  0x000001f5bbd4f1d0 JavaThread "Unconstrained build operations Thread 12"        [_thread_blocked, id=13632, stack(0x0000000717f00000,0x0000000718000000) (1024K)]
  0x000001f5bbd53370 JavaThread "Unconstrained build operations Thread 13"        [_thread_blocked, id=12124, stack(0x0000000718000000,0x0000000718100000) (1024K)]
  0x000001f5bbd53a00 JavaThread "Unconstrained build operations Thread 14"        [_thread_blocked, id=6520, stack(0x0000000718100000,0x0000000718200000) (1024K)]
  0x000001f5b9057a50 JavaThread "Unconstrained build operations Thread 15"        [_thread_blocked, id=11932, stack(0x0000000718200000,0x0000000718300000) (1024K)]
  0x000001f5b90552f0 JavaThread "Unconstrained build operations Thread 16"        [_thread_blocked, id=7088, stack(0x0000000718300000,0x0000000718400000) (1024K)]
  0x000001f5b90580e0 JavaThread "Unconstrained build operations Thread 17"        [_thread_blocked, id=18932, stack(0x0000000718400000,0x0000000718500000) (1024K)]
  0x000001f5b90566a0 JavaThread "Unconstrained build operations Thread 18"        [_thread_blocked, id=16664, stack(0x0000000718500000,0x0000000718600000) (1024K)]
  0x000001f5b9055980 JavaThread "Unconstrained build operations Thread 19"        [_thread_blocked, id=13680, stack(0x0000000718600000,0x0000000718700000) (1024K)]
  0x000001f5b9056010 JavaThread "Unconstrained build operations Thread 20"        [_thread_blocked, id=17252, stack(0x0000000718800000,0x0000000718900000) (1024K)]
  0x000001f5b9056d30 JavaThread "build event listener"              [_thread_blocked, id=1984, stack(0x0000000716c00000,0x0000000716d00000) (1024K)]
  0x000001f5b90573c0 JavaThread "build event listener"              [_thread_blocked, id=6076, stack(0x0000000718900000,0x0000000718a00000) (1024K)]
  0x000001f5b73f3e40 JavaThread "Problems report writer"            [_thread_blocked, id=18120, stack(0x0000000718d00000,0x0000000718e00000) (1024K)]
  0x000001f5b73f3120 JavaThread "Unconstrained build operations Thread 21"        [_thread_blocked, id=13400, stack(0x0000000718f00000,0x0000000719000000) (1024K)]
  0x000001f5b73f1d70 JavaThread "Unconstrained build operations Thread 22"        [_thread_blocked, id=16836, stack(0x0000000719000000,0x0000000719100000) (1024K)]
  0x000001f5b73f2400 JavaThread "Unconstrained build operations Thread 23"        [_thread_blocked, id=2472, stack(0x0000000719100000,0x0000000719200000) (1024K)]
  0x000001f5b73f2a90 JavaThread "Unconstrained build operations Thread 24"        [_thread_blocked, id=12624, stack(0x0000000719200000,0x0000000719300000) (1024K)]
  0x000001f5b73f9390 JavaThread "Unconstrained build operations Thread 25"        [_thread_blocked, id=9792, stack(0x0000000719300000,0x0000000719400000) (1024K)]
  0x000001f5b8a0bc70 JavaThread "Unconstrained build operations Thread 26"        [_thread_blocked, id=2220, stack(0x0000000719400000,0x0000000719500000) (1024K)]
  0x000001f5b8a0c990 JavaThread "Unconstrained build operations Thread 27"        [_thread_blocked, id=12984, stack(0x0000000719600000,0x0000000719700000) (1024K)]
  0x000001f5b8a10b30 JavaThread "Unconstrained build operations Thread 28"        [_thread_blocked, id=7756, stack(0x0000000719700000,0x0000000719800000) (1024K)]
  0x000001f5b8a111c0 JavaThread "Unconstrained build operations Thread 29"        [_thread_blocked, id=3556, stack(0x0000000719800000,0x0000000719900000) (1024K)]
  0x000001f5b8a11850 JavaThread "Unconstrained build operations Thread 30"        [_thread_blocked, id=6868, stack(0x0000000719c00000,0x0000000719d00000) (1024K)]
  0x000001f5b8a12570 JavaThread "Unconstrained build operations Thread 31"        [_thread_blocked, id=16624, stack(0x0000000719d00000,0x0000000719e00000) (1024K)]
  0x000001f59ed656e0 JavaThread "Unconstrained build operations Thread 32"        [_thread_blocked, id=8840, stack(0x0000000719e00000,0x0000000719f00000) (1024K)]
  0x000001f59ed65d70 JavaThread "Cache worker for execution history cache (C:\Flutter Projects\we_drive_partner\android\.gradle\9.1.0\executionHistory)"        [_thread_blocked, id=7424, stack(0x0000000719f00000,0x000000071a000000) (1024K)]
  0x000001f5ae0633b0 JavaThread "WorkerExecutor Queue Thread 2"        [_thread_blocked, id=16600, stack(0x000000071a300000,0x000000071a400000) (1024K)]
  0x000001f5ae062d20 JavaThread "WorkerExecutor Queue Thread 3"        [_thread_blocked, id=3984, stack(0x000000071a400000,0x000000071a500000) (1024K)]
  0x000001f5ae061970 JavaThread "Unconstrained build operations Thread 33"        [_thread_blocked, id=1616, stack(0x000000071a000000,0x000000071a100000) (1024K)]
  0x000001f5ae065480 JavaThread "Unconstrained build operations Thread 34"        [_thread_blocked, id=18004, stack(0x000000071a100000,0x000000071a200000) (1024K)]
  0x000001f5ae062000 JavaThread "Unconstrained build operations Thread 35"        [_thread_blocked, id=6944, stack(0x000000071a200000,0x000000071a300000) (1024K)]
  0x000001f5ae062690 JavaThread "WorkerExecutor Queue Thread 6"        [_thread_blocked, id=16440, stack(0x000000071aa00000,0x000000071ab00000) (1024K)]
  0x000001f5ae067550 JavaThread "Unconstrained build operations Thread 36"        [_thread_blocked, id=2000, stack(0x000000071a600000,0x000000071a700000) (1024K)]
  0x000001f5ae066830 JavaThread "Unconstrained build operations Thread 37"        [_thread_blocked, id=19384, stack(0x000000071a700000,0x000000071a800000) (1024K)]
  0x000001f5ae066ec0 JavaThread "Unconstrained build operations Thread 38"        [_thread_blocked, id=17916, stack(0x000000071a800000,0x000000071a900000) (1024K)]
  0x000001f5ae0640d0 JavaThread "Unconstrained build operations Thread 39"        [_thread_blocked, id=17312, stack(0x000000071ad00000,0x000000071ae00000) (1024K)]
  0x000001f5ae068f90 JavaThread "WorkerExecutor Queue Thread 7"        [_thread_blocked, id=4384, stack(0x000000071ae00000,0x000000071af00000) (1024K)]
  0x000001f5ae067be0 JavaThread "Unconstrained build operations Thread 40"        [_thread_blocked, id=4308, stack(0x000000071af00000,0x000000071b000000) (1024K)]
  0x000001f5ae06d130 JavaThread "Cache worker for Java compile cache (C:\Users\home\.gradle\caches\9.1.0\javaCompile)"        [_thread_blocked, id=15932, stack(0x000000071ab00000,0x000000071ac00000) (1024K)]
  0x000001f5ae06a340 JavaThread "Build operations"                  [_thread_blocked, id=18260, stack(0x000000071ac00000,0x000000071ad00000) (1024K)]
  0x000001f5ae06f890 JavaThread "Build operations Thread 2"         [_thread_blocked, id=6224, stack(0x000000071b100000,0x000000071b200000) (1024K)]
  0x000001f5ae06de50 JavaThread "Build operations Thread 3"         [_thread_blocked, id=8912, stack(0x000000071b200000,0x000000071b300000) (1024K)]
  0x000001f5ac944690 JavaThread "RMI RenewClean-[127.0.0.1:17341,org.jetbrains.kotlin.daemon.common.LoopbackNetworkInterface$ClientLoopbackSocketFactory@3616d470]" daemon [_thread_blocked, id=13660, stack(0x000000071b800000,0x000000071b900000) (1024K)]
  0x000001f5ac945a40 JavaThread "RMI TCP Accept-0"           daemon [_thread_in_native, id=9036, stack(0x000000071b900000,0x000000071ba00000) (1024K)]
  0x000001f5ac942c50 JavaThread "Build operations Thread 4"         [_thread_blocked, id=11576, stack(0x000000071bb00000,0x000000071bc00000) (1024K)]
  0x000001f5aff21360 JavaThread "pool-8-thread-1"                   [_thread_blocked, id=18500, stack(0x000000071a900000,0x000000071aa00000) (1024K)]
  0x000001f5aff22da0 JavaThread "stderr"                            [_thread_in_native, id=19396, stack(0x000000071b000000,0x000000071b100000) (1024K)]
  0x000001f5aff22080 JavaThread "stdout"                            [_thread_in_native, id=15668, stack(0x000000071b300000,0x000000071b400000) (1024K)]
  0x000001f5aff24e70 JavaThread "stderr"                            [_thread_in_native, id=3768, stack(0x000000071b400000,0x000000071b500000) (1024K)]
  0x000001f5aff24150 JavaThread "stdout"                            [_thread_in_native, id=18584, stack(0x000000071b500000,0x000000071b600000) (1024K)]
Total: 108

Other Threads:
=>0x000001f552351520 VMThread "VM Thread"                           [id=12744, stack(0x0000000714b00000,0x0000000714c00000) (1024K)]
  0x000001f55233cef0 WatcherThread "VM Periodic Task Thread"        [id=13792, stack(0x0000000714a00000,0x0000000714b00000) (1024K)]
  0x000001f51fa293d0 WorkerThread "GC Thread#0"                     [id=1924, stack(0x0000000714500000,0x0000000714600000) (1024K)]
  0x000001f554b251a0 WorkerThread "GC Thread#1"                     [id=15972, stack(0x0000000715600000,0x0000000715700000) (1024K)]
  0x000001f554b1e1c0 WorkerThread "GC Thread#2"                     [id=15740, stack(0x0000000715700000,0x0000000715800000) (1024K)]
  0x000001f554b4d650 WorkerThread "GC Thread#3"                     [id=14960, stack(0x0000000715800000,0x0000000715900000) (1024K)]
  0x000001f51fa37140 ConcurrentGCThread "G1 Main Marker"            [id=5816, stack(0x0000000714600000,0x0000000714700000) (1024K)]
  0x000001f51fa37b60 WorkerThread "G1 Conc#0"                       [id=19300, stack(0x0000000714700000,0x0000000714800000) (1024K)]
  0x000001f552210130 ConcurrentGCThread "G1 Refine#0"               [id=14080, stack(0x0000000714800000,0x0000000714900000) (1024K)]
  0x000001f5b9a77c70 ConcurrentGCThread "G1 Refine#1"               [id=10100, stack(0x0000000719500000,0x0000000719600000) (1024K)]
  0x000001f552210bc0 ConcurrentGCThread "G1 Service"                [id=12308, stack(0x0000000714900000,0x0000000714a00000) (1024K)]
Total: 11

Threads with active compile tasks:
C2 CompilerThread0  3244328 71569       4       com.android.tools.r8.ir.optimize.e0::a (901 bytes)
Total: 1

VM state: at safepoint (normal execution)

VM Mutex/Monitor currently owned by a thread:  ([mutex/lock_event])
[0x00007ffc857ef570] Threads_lock - owner thread: 0x000001f552351520
[0x00007ffc857ef670] Heap_lock - owner thread: 0x000001f5bbd52650

Heap address: 0x000000042a800000, size: 8192 MB, Compressed Oops mode: Zero based, Oop shift amount: 3

CDS archive(s) mapped at: [0x000001f555000000-0x000001f555c80000-0x000001f555c80000), size 13107200, SharedBaseAddress: 0x000001f555000000, ArchiveRelocationMode: 1.
Compressed class space mapped at: 0x000001f556000000-0x000001f596000000, reserved size: 1073741824
Narrow klass base: 0x000001f555000000, Narrow klass shift: 0, Narrow klass range: 0x100000000

GC Precious Log:
 CardTable entry size: 512
 Card Set container configuration: InlinePtr #cards 4 size 8 Array Of Cards #cards 32 size 80 Howl #buckets 8 coarsen threshold 7372 Howl Bitmap #cards 1024 size 144 coarsen threshold 921 Card regions per heap region 1 cards per card region 8192
 CPUs: 4 total, 4 available
 Memory: 6086M
 Large Page Support: Disabled
 NUMA Support: Disabled
 Compressed Oops: Enabled (Zero based)
 Heap Region Size: 4M
 Heap Min Capacity: 8M
 Heap Initial Capacity: 96M
 Heap Max Capacity: 8G
 Pre-touch: Disabled
 Parallel Workers: 4
 Concurrent Workers: 1
 Concurrent Refinement Workers: 4
 Periodic GC: Disabled

Heap:
 garbage-first heap   total 7294976K, used 441945K [0x000000042a800000, 0x000000062a800000)
  region size 4096K, 5 young (20480K), 5 survivors (20480K)
 Metaspace       used 279195K, committed 282560K, reserved 1310720K
  class space    used 35285K, committed 36928K, reserved 1048576K

Heap Regions: E=young(eden), S=young(survivor), O=old, HS=humongous(starts), HC=humongous(continues), CS=collection set, F=free, TAMS=top-at-mark-start, PB=parsable bottom
|   0|0x000000042a800000, 0x000000042ac00000, 0x000000042ac00000|100%|HS|  |TAMS 0x000000042a800000| PB 0x000000042a800000| Complete 
|   1|0x000000042ac00000, 0x000000042b000000, 0x000000042b000000|100%| O|  |TAMS 0x000000042ac00000| PB 0x000000042ac00000| Untracked 
|   2|0x000000042b000000, 0x000000042b400000, 0x000000042b400000|100%| O|  |TAMS 0x000000042b000000| PB 0x000000042b000000| Untracked 
|   3|0x000000042b400000, 0x000000042b800000, 0x000000042b800000|100%| O|  |TAMS 0x000000042b400000| PB 0x000000042b400000| Untracked 
|   4|0x000000042b800000, 0x000000042bc00000, 0x000000042bc00000|100%| O|  |TAMS 0x000000042b800000| PB 0x000000042b800000| Untracked 
|   5|0x000000042bc00000, 0x000000042c000000, 0x000000042c000000|100%| O|  |TAMS 0x000000042bc00000| PB 0x000000042bc00000| Untracked 
|   6|0x000000042c000000, 0x000000042c400000, 0x000000042c400000|100%| O|  |TAMS 0x000000042c000000| PB 0x000000042c000000| Untracked 
|   7|0x000000042c400000, 0x000000042c800000, 0x000000042c800000|100%| O|  |TAMS 0x000000042c400000| PB 0x000000042c400000| Untracked 
|   8|0x000000042c800000, 0x000000042cc00000, 0x000000042cc00000|100%| O|  |TAMS 0x000000042c800000| PB 0x000000042c800000| Untracked 
|   9|0x000000042cc00000, 0x000000042d000000, 0x000000042d000000|100%| O|  |TAMS 0x000000042cc00000| PB 0x000000042cc00000| Untracked 
|  10|0x000000042d000000, 0x000000042d400000, 0x000000042d400000|100%| O|  |TAMS 0x000000042d000000| PB 0x000000042d000000| Untracked 
|  11|0x000000042d400000, 0x000000042d7ffff8, 0x000000042d800000| 99%| O|  |TAMS 0x000000042d400000| PB 0x000000042d400000| Untracked 
|  12|0x000000042d800000, 0x000000042dc00000, 0x000000042dc00000|100%| O|  |TAMS 0x000000042d800000| PB 0x000000042d800000| Untracked 
|  13|0x000000042dc00000, 0x000000042e000000, 0x000000042e000000|100%| O|  |TAMS 0x000000042dc00000| PB 0x000000042dc00000| Untracked 
|  14|0x000000042e000000, 0x000000042e400000, 0x000000042e400000|100%| O|  |TAMS 0x000000042e000000| PB 0x000000042e000000| Untracked 
|  15|0x000000042e400000, 0x000000042e800000, 0x000000042e800000|100%| O|  |TAMS 0x000000042e400000| PB 0x000000042e400000| Untracked 
|  16|0x000000042e800000, 0x000000042ec00000, 0x000000042ec00000|100%| O|  |TAMS 0x000000042e800000| PB 0x000000042e800000| Untracked 
|  17|0x000000042ec00000, 0x000000042f000000, 0x000000042f000000|100%| O|  |TAMS 0x000000042ec00000| PB 0x000000042ec00000| Untracked 
|  18|0x000000042f000000, 0x000000042f400000, 0x000000042f400000|100%| O|  |TAMS 0x000000042f000000| PB 0x000000042f000000| Untracked 
|  19|0x000000042f400000, 0x000000042f800000, 0x000000042f800000|100%| O|  |TAMS 0x000000042f400000| PB 0x000000042f400000| Untracked 
|  20|0x000000042f800000, 0x000000042fc00000, 0x000000042fc00000|100%| O|  |TAMS 0x000000042f800000| PB 0x000000042f800000| Untracked 
|  21|0x000000042fc00000, 0x0000000430000000, 0x0000000430000000|100%| O|  |TAMS 0x000000042fc00000| PB 0x000000042fc00000| Untracked 
|  22|0x0000000430000000, 0x0000000430400000, 0x0000000430400000|100%| O|  |TAMS 0x0000000430000000| PB 0x0000000430000000| Untracked 
|  23|0x0000000430400000, 0x0000000430800000, 0x0000000430800000|100%| O|  |TAMS 0x0000000430400000| PB 0x0000000430400000| Untracked 
|  24|0x0000000430800000, 0x0000000430c00000, 0x0000000430c00000|100%| O|  |TAMS 0x0000000430800000| PB 0x0000000430800000| Untracked 
|  25|0x0000000430c00000, 0x0000000431000000, 0x0000000431000000|100%| O|  |TAMS 0x0000000430c00000| PB 0x0000000430c00000| Untracked 
|  26|0x0000000431000000, 0x0000000431400000, 0x0000000431400000|100%| O|  |TAMS 0x0000000431000000| PB 0x0000000431000000| Untracked 
|  27|0x0000000431400000, 0x0000000431800000, 0x0000000431800000|100%| O|  |TAMS 0x0000000431400000| PB 0x0000000431400000| Untracked 
|  28|0x0000000431800000, 0x0000000431c00000, 0x0000000431c00000|100%| O|  |TAMS 0x0000000431800000| PB 0x0000000431800000| Untracked 
|  29|0x0000000431c00000, 0x0000000432000000, 0x0000000432000000|100%| O|  |TAMS 0x0000000431c00000| PB 0x0000000431c00000| Untracked 
|  30|0x0000000432000000, 0x0000000432400000, 0x0000000432400000|100%| O|  |TAMS 0x0000000432000000| PB 0x0000000432000000| Untracked 
|  31|0x0000000432400000, 0x0000000432800000, 0x0000000432800000|100%| O|  |TAMS 0x0000000432400000| PB 0x0000000432400000| Untracked 
|  32|0x0000000432800000, 0x0000000432c00000, 0x0000000432c00000|100%| O|  |TAMS 0x0000000432800000| PB 0x0000000432800000| Untracked 
|  33|0x0000000432c00000, 0x0000000433000000, 0x0000000433000000|100%| O|  |TAMS 0x0000000432c00000| PB 0x0000000432c00000| Untracked 
|  34|0x0000000433000000, 0x0000000433400000, 0x0000000433400000|100%| O|  |TAMS 0x0000000433000000| PB 0x0000000433000000| Untracked 
|  35|0x0000000433400000, 0x0000000433800000, 0x0000000433800000|100%| O|  |TAMS 0x0000000433400000| PB 0x0000000433400000| Untracked 
|  36|0x0000000433800000, 0x0000000433c00000, 0x0000000433c00000|100%| O|  |TAMS 0x0000000433800000| PB 0x0000000433800000| Untracked 
|  37|0x0000000433c00000, 0x0000000434000000, 0x0000000434000000|100%| O|  |TAMS 0x0000000433c00000| PB 0x0000000433c00000| Untracked 
|  38|0x0000000434000000, 0x0000000434400000, 0x0000000434400000|100%| O|  |TAMS 0x0000000434000000| PB 0x0000000434000000| Untracked 
|  39|0x0000000434400000, 0x0000000434800000, 0x0000000434800000|100%| O|  |TAMS 0x0000000434400000| PB 0x0000000434400000| Untracked 
|  40|0x0000000434800000, 0x0000000434c00000, 0x0000000434c00000|100%| O|  |TAMS 0x0000000434800000| PB 0x0000000434800000| Untracked 
|  41|0x0000000434c00000, 0x0000000435000000, 0x0000000435000000|100%| O|  |TAMS 0x0000000434c00000| PB 0x0000000434c00000| Untracked 
|  42|0x0000000435000000, 0x0000000435400000, 0x0000000435400000|100%| O|  |TAMS 0x0000000435000000| PB 0x0000000435000000| Untracked 
|  43|0x0000000435400000, 0x0000000435800000, 0x0000000435800000|100%| O|  |TAMS 0x0000000435400000| PB 0x0000000435400000| Untracked 
|  44|0x0000000435800000, 0x0000000435c00000, 0x0000000435c00000|100%| O|  |TAMS 0x0000000435800000| PB 0x0000000435800000| Untracked 
|  45|0x0000000435c00000, 0x0000000436000000, 0x0000000436000000|100%| O|  |TAMS 0x0000000435c00000| PB 0x0000000435c00000| Untracked 
|  46|0x0000000436000000, 0x0000000436400000, 0x0000000436400000|100%| O|  |TAMS 0x0000000436000000| PB 0x0000000436000000| Untracked 
|  47|0x0000000436400000, 0x0000000436800000, 0x0000000436800000|100%| O|  |TAMS 0x0000000436400000| PB 0x0000000436400000| Untracked 
|  48|0x0000000436800000, 0x0000000436c00000, 0x0000000436c00000|100%| O|  |TAMS 0x0000000436800000| PB 0x0000000436800000| Untracked 
|  49|0x0000000436c00000, 0x0000000437000000, 0x0000000437000000|100%| O|  |TAMS 0x0000000436c00000| PB 0x0000000436c00000| Untracked 
|  50|0x0000000437000000, 0x00000004373f6a90, 0x0000000437400000| 99%| O|  |TAMS 0x0000000437000000| PB 0x0000000437000000| Untracked 
|  51|0x0000000437400000, 0x0000000437800000, 0x0000000437800000|100%| O|  |TAMS 0x0000000437400000| PB 0x0000000437400000| Untracked 
|  52|0x0000000437800000, 0x0000000437c00000, 0x0000000437c00000|100%| O|  |TAMS 0x0000000437800000| PB 0x0000000437800000| Untracked 
|  53|0x0000000437c00000, 0x0000000438000000, 0x0000000438000000|100%| O|  |TAMS 0x0000000437c00000| PB 0x0000000437c00000| Untracked 
|  54|0x0000000438000000, 0x0000000438400000, 0x0000000438400000|100%| O|  |TAMS 0x0000000438000000| PB 0x0000000438000000| Untracked 
|  55|0x0000000438400000, 0x0000000438800000, 0x0000000438800000|100%| O|  |TAMS 0x0000000438400000| PB 0x0000000438400000| Untracked 
|  56|0x0000000438800000, 0x0000000438c00000, 0x0000000438c00000|100%| O|  |TAMS 0x0000000438800000| PB 0x0000000438800000| Untracked 
|  57|0x0000000438c00000, 0x0000000439000000, 0x0000000439000000|100%| O|  |TAMS 0x0000000438c00000| PB 0x0000000438c00000| Untracked 
|  58|0x0000000439000000, 0x0000000439400000, 0x0000000439400000|100%| O|  |TAMS 0x0000000439000000| PB 0x0000000439000000| Untracked 
|  59|0x0000000439400000, 0x0000000439800000, 0x0000000439800000|100%| O|  |TAMS 0x0000000439400000| PB 0x0000000439400000| Untracked 
|  60|0x0000000439800000, 0x0000000439c00000, 0x0000000439c00000|100%| O|  |TAMS 0x0000000439800000| PB 0x0000000439800000| Untracked 
|  61|0x0000000439c00000, 0x000000043a000000, 0x000000043a000000|100%| O|  |TAMS 0x0000000439c00000| PB 0x0000000439c00000| Untracked 
|  62|0x000000043a000000, 0x000000043a400000, 0x000000043a400000|100%| O|  |TAMS 0x000000043a000000| PB 0x000000043a000000| Untracked 
|  63|0x000000043a400000, 0x000000043a800000, 0x000000043a800000|100%| O|  |TAMS 0x000000043a400000| PB 0x000000043a400000| Untracked 
|  64|0x000000043a800000, 0x000000043ac00000, 0x000000043ac00000|100%| O|  |TAMS 0x000000043a800000| PB 0x000000043a800000| Untracked 
|  65|0x000000043ac00000, 0x000000043b000000, 0x000000043b000000|100%| O|  |TAMS 0x000000043ac00000| PB 0x000000043ac00000| Untracked 
|  66|0x000000043b000000, 0x000000043b400000, 0x000000043b400000|100%| O|  |TAMS 0x000000043b000000| PB 0x000000043b000000| Untracked 
|  67|0x000000043b400000, 0x000000043b800000, 0x000000043b800000|100%| O|  |TAMS 0x000000043b400000| PB 0x000000043b400000| Untracked 
|  68|0x000000043b800000, 0x000000043bc00000, 0x000000043bc00000|100%| O|  |TAMS 0x000000043b800000| PB 0x000000043b800000| Untracked 
|  69|0x000000043bc00000, 0x000000043c000000, 0x000000043c000000|100%| O|  |TAMS 0x000000043bc00000| PB 0x000000043bc00000| Untracked 
|  70|0x000000043c000000, 0x000000043c400000, 0x000000043c400000|100%| O|  |TAMS 0x000000043c000000| PB 0x000000043c000000| Untracked 
|  71|0x000000043c400000, 0x000000043c800000, 0x000000043c800000|100%| O|  |TAMS 0x000000043c400000| PB 0x000000043c400000| Untracked 
|  72|0x000000043c800000, 0x000000043cc00000, 0x000000043cc00000|100%| O|  |TAMS 0x000000043c800000| PB 0x000000043c800000| Untracked 
|  73|0x000000043cc00000, 0x000000043d000000, 0x000000043d000000|100%| O|  |TAMS 0x000000043cc00000| PB 0x000000043cc00000| Untracked 
|  74|0x000000043d000000, 0x000000043d400000, 0x000000043d400000|100%| O|  |TAMS 0x000000043d000000| PB 0x000000043d000000| Untracked 
|  75|0x000000043d400000, 0x000000043d800000, 0x000000043d800000|100%| O|  |TAMS 0x000000043d400000| PB 0x000000043d400000| Untracked 
|  76|0x000000043d800000, 0x000000043dc00000, 0x000000043dc00000|100%| O|  |TAMS 0x000000043d800000| PB 0x000000043d800000| Untracked 
|  77|0x000000043dc00000, 0x000000043e000000, 0x000000043e000000|100%| O|  |TAMS 0x000000043dc00000| PB 0x000000043dc00000| Untracked 
|  78|0x000000043e000000, 0x000000043e400000, 0x000000043e400000|100%| O|  |TAMS 0x000000043e000000| PB 0x000000043e000000| Untracked 
|  79|0x000000043e400000, 0x000000043e5fa220, 0x000000043e800000| 49%| O|  |TAMS 0x000000043e400000| PB 0x000000043e400000| Untracked 
|  80|0x000000043e800000, 0x000000043e800000, 0x000000043ec00000|  0%| F|  |TAMS 0x000000043e800000| PB 0x000000043e800000| Untracked 
|  81|0x000000043ec00000, 0x000000043ec00000, 0x000000043f000000|  0%| F|  |TAMS 0x000000043ec00000| PB 0x000000043ec00000| Untracked 
|  82|0x000000043f000000, 0x000000043f000000, 0x000000043f400000|  0%| F|  |TAMS 0x000000043f000000| PB 0x000000043f000000| Untracked 
|  83|0x000000043f400000, 0x000000043f400000, 0x000000043f800000|  0%| F|  |TAMS 0x000000043f400000| PB 0x000000043f400000| Untracked 
|  84|0x000000043f800000, 0x000000043f800000, 0x000000043fc00000|  0%| F|  |TAMS 0x000000043f800000| PB 0x000000043f800000| Untracked 
|  85|0x000000043fc00000, 0x000000043fc00000, 0x0000000440000000|  0%| F|  |TAMS 0x000000043fc00000| PB 0x000000043fc00000| Untracked 
|  86|0x0000000440000000, 0x0000000440000000, 0x0000000440400000|  0%| F|  |TAMS 0x0000000440000000| PB 0x0000000440000000| Untracked 
|  87|0x0000000440400000, 0x0000000440400000, 0x0000000440800000|  0%| F|  |TAMS 0x0000000440400000| PB 0x0000000440400000| Untracked 
|  88|0x0000000440800000, 0x0000000440c00000, 0x0000000440c00000|100%| O|  |TAMS 0x0000000440800000| PB 0x0000000440800000| Untracked 
|  89|0x0000000440c00000, 0x0000000440c00000, 0x0000000441000000|  0%| F|  |TAMS 0x0000000440c00000| PB 0x0000000440c00000| Untracked 
|  90|0x0000000441000000, 0x0000000441400000, 0x0000000441400000|100%| O|  |TAMS 0x0000000441000000| PB 0x0000000441000000| Untracked 
|  91|0x0000000441400000, 0x0000000441400000, 0x0000000441800000|  0%| F|  |TAMS 0x0000000441400000| PB 0x0000000441400000| Untracked 
|  92|0x0000000441800000, 0x0000000441800000, 0x0000000441c00000|  0%| F|  |TAMS 0x0000000441800000| PB 0x0000000441800000| Untracked 
|  93|0x0000000441c00000, 0x0000000442000000, 0x0000000442000000|100%| O|  |TAMS 0x0000000441c00000| PB 0x0000000441c00000| Untracked 
|  94|0x0000000442000000, 0x0000000442000000, 0x0000000442400000|  0%| F|  |TAMS 0x0000000442000000| PB 0x0000000442000000| Untracked 
|  95|0x0000000442400000, 0x0000000442400000, 0x0000000442800000|  0%| F|  |TAMS 0x0000000442400000| PB 0x0000000442400000| Untracked 
|  96|0x0000000442800000, 0x0000000442800000, 0x0000000442c00000|  0%| F|  |TAMS 0x0000000442800000| PB 0x0000000442800000| Untracked 
|  97|0x0000000442c00000, 0x0000000442c00000, 0x0000000443000000|  0%| F|  |TAMS 0x0000000442c00000| PB 0x0000000442c00000| Untracked 
|  98|0x0000000443000000, 0x0000000443000000, 0x0000000443400000|  0%| F|  |TAMS 0x0000000443000000| PB 0x0000000443000000| Untracked 
|  99|0x0000000443400000, 0x0000000443400000, 0x0000000443800000|  0%| F|  |TAMS 0x0000000443400000| PB 0x0000000443400000| Untracked 
| 100|0x0000000443800000, 0x0000000443800000, 0x0000000443c00000|  0%| F|  |TAMS 0x0000000443800000| PB 0x0000000443800000| Untracked 
| 101|0x0000000443c00000, 0x0000000443c00000, 0x0000000444000000|  0%| F|  |TAMS 0x0000000443c00000| PB 0x0000000443c00000| Untracked 
| 102|0x0000000444000000, 0x0000000444000000, 0x0000000444400000|  0%| F|  |TAMS 0x0000000444000000| PB 0x0000000444000000| Untracked 
| 103|0x0000000444400000, 0x0000000444400000, 0x0000000444800000|  0%| F|  |TAMS 0x0000000444400000| PB 0x0000000444400000| Untracked 
| 104|0x0000000444800000, 0x0000000444800000, 0x0000000444c00000|  0%| F|  |TAMS 0x0000000444800000| PB 0x0000000444800000| Untracked 
| 105|0x0000000444c00000, 0x0000000444c00000, 0x0000000445000000|  0%| F|  |TAMS 0x0000000444c00000| PB 0x0000000444c00000| Untracked 
| 106|0x0000000445000000, 0x0000000445000000, 0x0000000445400000|  0%| F|  |TAMS 0x0000000445000000| PB 0x0000000445000000| Untracked 
| 107|0x0000000445400000, 0x0000000445400000, 0x0000000445800000|  0%| F|  |TAMS 0x0000000445400000| PB 0x0000000445400000| Untracked 
| 108|0x0000000445800000, 0x0000000445800000, 0x0000000445c00000|  0%| F|  |TAMS 0x0000000445800000| PB 0x0000000445800000| Untracked 
| 109|0x0000000445c00000, 0x0000000445c00000, 0x0000000446000000|  0%| F|  |TAMS 0x0000000445c00000| PB 0x0000000445c00000| Untracked 
| 110|0x0000000446000000, 0x0000000446000000, 0x0000000446400000|  0%| F|  |TAMS 0x0000000446000000| PB 0x0000000446000000| Untracked 
| 111|0x0000000446400000, 0x0000000446400000, 0x0000000446800000|  0%| F|  |TAMS 0x0000000446400000| PB 0x0000000446400000| Untracked 
| 112|0x0000000446800000, 0x0000000446800000, 0x0000000446c00000|  0%| F|  |TAMS 0x0000000446800000| PB 0x0000000446800000| Untracked 
| 113|0x0000000446c00000, 0x0000000446c00000, 0x0000000447000000|  0%| F|  |TAMS 0x0000000446c00000| PB 0x0000000446c00000| Untracked 
| 114|0x0000000447000000, 0x0000000447000000, 0x0000000447400000|  0%| F|  |TAMS 0x0000000447000000| PB 0x0000000447000000| Untracked 
| 115|0x0000000447400000, 0x0000000447800000, 0x0000000447800000|100%| O|  |TAMS 0x0000000447400000| PB 0x0000000447400000| Untracked 
| 116|0x0000000447800000, 0x0000000447c00000, 0x0000000447c00000|100%| O|  |TAMS 0x0000000447800000| PB 0x0000000447800000| Untracked 
| 117|0x0000000447c00000, 0x0000000448000000, 0x0000000448000000|100%| O|  |TAMS 0x0000000447c00000| PB 0x0000000447c00000| Untracked 
| 118|0x0000000448000000, 0x0000000448400000, 0x0000000448400000|100%| O|  |TAMS 0x0000000448000000| PB 0x0000000448000000| Untracked 
| 119|0x0000000448400000, 0x0000000448800000, 0x0000000448800000|100%| O|  |TAMS 0x0000000448400000| PB 0x0000000448400000| Untracked 
| 120|0x0000000448800000, 0x0000000448c00000, 0x0000000448c00000|100%| O|  |TAMS 0x0000000448800000| PB 0x0000000448800000| Untracked 
| 121|0x0000000448c00000, 0x0000000449000000, 0x0000000449000000|100%| O|  |TAMS 0x0000000448c00000| PB 0x0000000448c00000| Untracked 
| 122|0x0000000449000000, 0x0000000449400000, 0x0000000449400000|100%| O|  |TAMS 0x0000000449000000| PB 0x0000000449000000| Untracked 
| 123|0x0000000449400000, 0x0000000449800000, 0x0000000449800000|100%| O|  |TAMS 0x0000000449400000| PB 0x0000000449400000| Untracked 
| 124|0x0000000449800000, 0x0000000449c00000, 0x0000000449c00000|100%| O|  |TAMS 0x0000000449800000| PB 0x0000000449800000| Untracked 
| 125|0x0000000449c00000, 0x000000044a000000, 0x000000044a000000|100%| O|  |TAMS 0x0000000449c00000| PB 0x0000000449c00000| Untracked 
| 126|0x000000044a000000, 0x000000044a400000, 0x000000044a400000|100%| O|  |TAMS 0x000000044a000000| PB 0x000000044a000000| Untracked 
| 127|0x000000044a400000, 0x000000044a800000, 0x000000044a800000|100%| O|  |TAMS 0x000000044a400000| PB 0x000000044a400000| Untracked 
| 128|0x000000044a800000, 0x000000044ac00000, 0x000000044ac00000|100%| O|  |TAMS 0x000000044a800000| PB 0x000000044a800000| Untracked 
| 129|0x000000044ac00000, 0x000000044b000000, 0x000000044b000000|100%| O|  |TAMS 0x000000044ac00000| PB 0x000000044ac00000| Untracked 
| 130|0x000000044b000000, 0x000000044b400000, 0x000000044b400000|100%| O|  |TAMS 0x000000044b000000| PB 0x000000044b000000| Untracked 
| 131|0x000000044b400000, 0x000000044b800000, 0x000000044b800000|100%|HS|  |TAMS 0x000000044b400000| PB 0x000000044b400000| Complete 
| 132|0x000000044b800000, 0x000000044bc00000, 0x000000044bc00000|100%| O|  |TAMS 0x000000044b800000| PB 0x000000044b800000| Untracked 
| 133|0x000000044bc00000, 0x000000044c000000, 0x000000044c000000|100%| O|  |TAMS 0x000000044bc00000| PB 0x000000044bc00000| Untracked 
| 134|0x000000044c000000, 0x000000044c400000, 0x000000044c400000|100%| O|  |TAMS 0x000000044c000000| PB 0x000000044c000000| Untracked 
| 135|0x000000044c400000, 0x000000044c5a5938, 0x000000044c800000| 41%| O|  |TAMS 0x000000044c400000| PB 0x000000044c400000| Untracked 
| 136|0x000000044c800000, 0x000000044c800000, 0x000000044cc00000|  0%| F|  |TAMS 0x000000044c800000| PB 0x000000044c800000| Untracked 
| 137|0x000000044cc00000, 0x000000044cc00000, 0x000000044d000000|  0%| F|  |TAMS 0x000000044cc00000| PB 0x000000044cc00000| Untracked 
| 138|0x000000044d000000, 0x000000044d000000, 0x000000044d400000|  0%| F|  |TAMS 0x000000044d000000| PB 0x000000044d000000| Untracked 
| 139|0x000000044d400000, 0x000000044d400000, 0x000000044d800000|  0%| F|  |TAMS 0x000000044d400000| PB 0x000000044d400000| Untracked 
| 140|0x000000044d800000, 0x000000044d800000, 0x000000044dc00000|  0%| F|  |TAMS 0x000000044d800000| PB 0x000000044d800000| Untracked 
| 141|0x000000044dc00000, 0x000000044dc00000, 0x000000044e000000|  0%| F|  |TAMS 0x000000044dc00000| PB 0x000000044dc00000| Untracked 
| 142|0x000000044e000000, 0x000000044e000000, 0x000000044e400000|  0%| F|  |TAMS 0x000000044e000000| PB 0x000000044e000000| Untracked 
| 143|0x000000044e400000, 0x000000044e400000, 0x000000044e800000|  0%| F|  |TAMS 0x000000044e400000| PB 0x000000044e400000| Untracked 
| 144|0x000000044e800000, 0x000000044e800000, 0x000000044ec00000|  0%| F|  |TAMS 0x000000044e800000| PB 0x000000044e800000| Untracked 
| 145|0x000000044ec00000, 0x000000044ec00000, 0x000000044f000000|  0%| F|  |TAMS 0x000000044ec00000| PB 0x000000044ec00000| Untracked 
| 146|0x000000044f000000, 0x000000044f000000, 0x000000044f400000|  0%| F|  |TAMS 0x000000044f000000| PB 0x000000044f000000| Untracked 
| 147|0x000000044f400000, 0x000000044f400000, 0x000000044f800000|  0%| F|  |TAMS 0x000000044f400000| PB 0x000000044f400000| Untracked 
| 148|0x000000044f800000, 0x000000044f800000, 0x000000044fc00000|  0%| F|  |TAMS 0x000000044f800000| PB 0x000000044f800000| Untracked 
| 149|0x000000044fc00000, 0x000000044fc00000, 0x0000000450000000|  0%| F|  |TAMS 0x000000044fc00000| PB 0x000000044fc00000| Untracked 
| 150|0x0000000450000000, 0x0000000450000000, 0x0000000450400000|  0%| F|  |TAMS 0x0000000450000000| PB 0x0000000450000000| Untracked 
| 151|0x0000000450400000, 0x0000000450400000, 0x0000000450800000|  0%| F|  |TAMS 0x0000000450400000| PB 0x0000000450400000| Untracked 
| 152|0x0000000450800000, 0x0000000450800000, 0x0000000450c00000|  0%| F|  |TAMS 0x0000000450800000| PB 0x0000000450800000| Untracked 
| 153|0x0000000450c00000, 0x0000000450c00000, 0x0000000451000000|  0%| F|  |TAMS 0x0000000450c00000| PB 0x0000000450c00000| Untracked 
| 154|0x0000000451000000, 0x0000000451000000, 0x0000000451400000|  0%| F|  |TAMS 0x0000000451000000| PB 0x0000000451000000| Untracked 
| 155|0x0000000451400000, 0x0000000451400000, 0x0000000451800000|  0%| F|  |TAMS 0x0000000451400000| PB 0x0000000451400000| Untracked 
| 156|0x0000000451800000, 0x0000000451800000, 0x0000000451c00000|  0%| F|  |TAMS 0x0000000451800000| PB 0x0000000451800000| Untracked 
| 157|0x0000000451c00000, 0x0000000451c00000, 0x0000000452000000|  0%| F|  |TAMS 0x0000000451c00000| PB 0x0000000451c00000| Untracked 
| 158|0x0000000452000000, 0x0000000452000000, 0x0000000452400000|  0%| F|  |TAMS 0x0000000452000000| PB 0x0000000452000000| Untracked 
| 159|0x0000000452400000, 0x0000000452400000, 0x0000000452800000|  0%| F|  |TAMS 0x0000000452400000| PB 0x0000000452400000| Untracked 
| 160|0x0000000452800000, 0x0000000452800000, 0x0000000452c00000|  0%| F|  |TAMS 0x0000000452800000| PB 0x0000000452800000| Untracked 
| 161|0x0000000452c00000, 0x0000000452c00000, 0x0000000453000000|  0%| F|  |TAMS 0x0000000452c00000| PB 0x0000000452c00000| Untracked 
| 162|0x0000000453000000, 0x0000000453000000, 0x0000000453400000|  0%| F|  |TAMS 0x0000000453000000| PB 0x0000000453000000| Untracked 
| 163|0x0000000453400000, 0x0000000453400000, 0x0000000453800000|  0%| F|  |TAMS 0x0000000453400000| PB 0x0000000453400000| Untracked 
| 164|0x0000000453800000, 0x0000000453800000, 0x0000000453c00000|  0%| F|  |TAMS 0x0000000453800000| PB 0x0000000453800000| Untracked 
| 165|0x0000000453c00000, 0x0000000453c00000, 0x0000000454000000|  0%| F|  |TAMS 0x0000000453c00000| PB 0x0000000453c00000| Untracked 
| 166|0x0000000454000000, 0x0000000454000000, 0x0000000454400000|  0%| F|  |TAMS 0x0000000454000000| PB 0x0000000454000000| Untracked 
| 167|0x0000000454400000, 0x0000000454400000, 0x0000000454800000|  0%| F|  |TAMS 0x0000000454400000| PB 0x0000000454400000| Untracked 
| 168|0x0000000454800000, 0x0000000454800000, 0x0000000454c00000|  0%| F|  |TAMS 0x0000000454800000| PB 0x0000000454800000| Untracked 
| 169|0x0000000454c00000, 0x0000000454c00000, 0x0000000455000000|  0%| F|  |TAMS 0x0000000454c00000| PB 0x0000000454c00000| Untracked 
| 170|0x0000000455000000, 0x0000000455000000, 0x0000000455400000|  0%| F|  |TAMS 0x0000000455000000| PB 0x0000000455000000| Untracked 
| 171|0x0000000455400000, 0x0000000455400000, 0x0000000455800000|  0%| F|  |TAMS 0x0000000455400000| PB 0x0000000455400000| Untracked 
| 172|0x0000000455800000, 0x0000000455800000, 0x0000000455c00000|  0%| F|  |TAMS 0x0000000455800000| PB 0x0000000455800000| Untracked 
| 173|0x0000000455c00000, 0x0000000455c00000, 0x0000000456000000|  0%| F|  |TAMS 0x0000000455c00000| PB 0x0000000455c00000| Untracked 
| 174|0x0000000456000000, 0x0000000456000000, 0x0000000456400000|  0%| F|  |TAMS 0x0000000456000000| PB 0x0000000456000000| Untracked 
| 175|0x0000000456400000, 0x0000000456400000, 0x0000000456800000|  0%| F|  |TAMS 0x0000000456400000| PB 0x0000000456400000| Untracked 
| 176|0x0000000456800000, 0x0000000456800000, 0x0000000456c00000|  0%| F|  |TAMS 0x0000000456800000| PB 0x0000000456800000| Untracked 
| 177|0x0000000456c00000, 0x0000000456c00000, 0x0000000457000000|  0%| F|  |TAMS 0x0000000456c00000| PB 0x0000000456c00000| Untracked 
| 178|0x0000000457000000, 0x0000000457000000, 0x0000000457400000|  0%| F|  |TAMS 0x0000000457000000| PB 0x0000000457000000| Untracked 
| 179|0x0000000457400000, 0x0000000457400000, 0x0000000457800000|  0%| F|  |TAMS 0x0000000457400000| PB 0x0000000457400000| Untracked 
| 180|0x0000000457800000, 0x0000000457800000, 0x0000000457c00000|  0%| F|  |TAMS 0x0000000457800000| PB 0x0000000457800000| Untracked 
| 181|0x0000000457c00000, 0x0000000457c00000, 0x0000000458000000|  0%| F|  |TAMS 0x0000000457c00000| PB 0x0000000457c00000| Untracked 
| 182|0x0000000458000000, 0x0000000458000000, 0x0000000458400000|  0%| F|  |TAMS 0x0000000458000000| PB 0x0000000458000000| Untracked 
| 183|0x0000000458400000, 0x0000000458400000, 0x0000000458800000|  0%| F|  |TAMS 0x0000000458400000| PB 0x0000000458400000| Untracked 
| 184|0x0000000458800000, 0x0000000458800000, 0x0000000458c00000|  0%| F|  |TAMS 0x0000000458800000| PB 0x0000000458800000| Untracked 
| 185|0x0000000458c00000, 0x0000000458c00000, 0x0000000459000000|  0%| F|  |TAMS 0x0000000458c00000| PB 0x0000000458c00000| Untracked 
| 186|0x0000000459000000, 0x0000000459000000, 0x0000000459400000|  0%| F|  |TAMS 0x0000000459000000| PB 0x0000000459000000| Untracked 
| 187|0x0000000459400000, 0x0000000459400000, 0x0000000459800000|  0%| F|  |TAMS 0x0000000459400000| PB 0x0000000459400000| Untracked 
| 188|0x0000000459800000, 0x0000000459800000, 0x0000000459c00000|  0%| F|  |TAMS 0x0000000459800000| PB 0x0000000459800000| Untracked 
| 189|0x0000000459c00000, 0x0000000459c00000, 0x000000045a000000|  0%| F|  |TAMS 0x0000000459c00000| PB 0x0000000459c00000| Untracked 
| 190|0x000000045a000000, 0x000000045a000000, 0x000000045a400000|  0%| F|  |TAMS 0x000000045a000000| PB 0x000000045a000000| Untracked 
| 191|0x000000045a400000, 0x000000045a400000, 0x000000045a800000|  0%| F|  |TAMS 0x000000045a400000| PB 0x000000045a400000| Untracked 
| 192|0x000000045a800000, 0x000000045a800000, 0x000000045ac00000|  0%| F|  |TAMS 0x000000045a800000| PB 0x000000045a800000| Untracked 
| 193|0x000000045ac00000, 0x000000045ac00000, 0x000000045b000000|  0%| F|  |TAMS 0x000000045ac00000| PB 0x000000045ac00000| Untracked 
| 194|0x000000045b000000, 0x000000045b000000, 0x000000045b400000|  0%| F|  |TAMS 0x000000045b000000| PB 0x000000045b000000| Untracked 
| 195|0x000000045b400000, 0x000000045b400000, 0x000000045b800000|  0%| F|  |TAMS 0x000000045b400000| PB 0x000000045b400000| Untracked 
| 196|0x000000045b800000, 0x000000045b800000, 0x000000045bc00000|  0%| F|  |TAMS 0x000000045b800000| PB 0x000000045b800000| Untracked 
| 197|0x000000045bc00000, 0x000000045bc00000, 0x000000045c000000|  0%| F|  |TAMS 0x000000045bc00000| PB 0x000000045bc00000| Untracked 
| 198|0x000000045c000000, 0x000000045c000000, 0x000000045c400000|  0%| F|  |TAMS 0x000000045c000000| PB 0x000000045c000000| Untracked 
| 199|0x000000045c400000, 0x000000045c400000, 0x000000045c800000|  0%| F|  |TAMS 0x000000045c400000| PB 0x000000045c400000| Untracked 
| 200|0x000000045c800000, 0x000000045c800000, 0x000000045cc00000|  0%| F|  |TAMS 0x000000045c800000| PB 0x000000045c800000| Untracked 
| 201|0x000000045cc00000, 0x000000045cc00000, 0x000000045d000000|  0%| F|  |TAMS 0x000000045cc00000| PB 0x000000045cc00000| Untracked 
| 202|0x000000045d000000, 0x000000045d000000, 0x000000045d400000|  0%| F|  |TAMS 0x000000045d000000| PB 0x000000045d000000| Untracked 
| 203|0x000000045d400000, 0x000000045d400000, 0x000000045d800000|  0%| F|  |TAMS 0x000000045d400000| PB 0x000000045d400000| Untracked 
| 204|0x000000045d800000, 0x000000045d800000, 0x000000045dc00000|  0%| F|  |TAMS 0x000000045d800000| PB 0x000000045d800000| Untracked 
| 205|0x000000045dc00000, 0x000000045dc00000, 0x000000045e000000|  0%| F|  |TAMS 0x000000045dc00000| PB 0x000000045dc00000| Untracked 
| 206|0x000000045e000000, 0x000000045e000000, 0x000000045e400000|  0%| F|  |TAMS 0x000000045e000000| PB 0x000000045e000000| Untracked 
| 207|0x000000045e400000, 0x000000045e400000, 0x000000045e800000|  0%| F|  |TAMS 0x000000045e400000| PB 0x000000045e400000| Untracked 
| 208|0x000000045e800000, 0x000000045e800000, 0x000000045ec00000|  0%| F|  |TAMS 0x000000045e800000| PB 0x000000045e800000| Untracked 
| 209|0x000000045ec00000, 0x000000045ec00000, 0x000000045f000000|  0%| F|  |TAMS 0x000000045ec00000| PB 0x000000045ec00000| Untracked 
| 210|0x000000045f000000, 0x000000045f000000, 0x000000045f400000|  0%| F|  |TAMS 0x000000045f000000| PB 0x000000045f000000| Untracked 
| 211|0x000000045f400000, 0x000000045f400000, 0x000000045f800000|  0%| F|  |TAMS 0x000000045f400000| PB 0x000000045f400000| Untracked 
| 212|0x000000045f800000, 0x000000045f800000, 0x000000045fc00000|  0%| F|  |TAMS 0x000000045f800000| PB 0x000000045f800000| Untracked 
| 213|0x000000045fc00000, 0x000000045fc00000, 0x0000000460000000|  0%| F|  |TAMS 0x000000045fc00000| PB 0x000000045fc00000| Untracked 
| 214|0x0000000460000000, 0x0000000460000000, 0x0000000460400000|  0%| F|  |TAMS 0x0000000460000000| PB 0x0000000460000000| Untracked 
| 215|0x0000000460400000, 0x0000000460400000, 0x0000000460800000|  0%| F|  |TAMS 0x0000000460400000| PB 0x0000000460400000| Untracked 
| 216|0x0000000460800000, 0x0000000460800000, 0x0000000460c00000|  0%| F|  |TAMS 0x0000000460800000| PB 0x0000000460800000| Untracked 
| 217|0x0000000460c00000, 0x0000000460c00000, 0x0000000461000000|  0%| F|  |TAMS 0x0000000460c00000| PB 0x0000000460c00000| Untracked 
| 218|0x0000000461000000, 0x0000000461000000, 0x0000000461400000|  0%| F|  |TAMS 0x0000000461000000| PB 0x0000000461000000| Untracked 
| 219|0x0000000461400000, 0x0000000461400000, 0x0000000461800000|  0%| F|  |TAMS 0x0000000461400000| PB 0x0000000461400000| Untracked 
| 220|0x0000000461800000, 0x0000000461800000, 0x0000000461c00000|  0%| F|  |TAMS 0x0000000461800000| PB 0x0000000461800000| Untracked 
| 221|0x0000000461c00000, 0x0000000461c00000, 0x0000000462000000|  0%| F|  |TAMS 0x0000000461c00000| PB 0x0000000461c00000| Untracked 
| 222|0x0000000462000000, 0x0000000462000000, 0x0000000462400000|  0%| F|  |TAMS 0x0000000462000000| PB 0x0000000462000000| Untracked 
| 223|0x0000000462400000, 0x0000000462400000, 0x0000000462800000|  0%| F|  |TAMS 0x0000000462400000| PB 0x0000000462400000| Untracked 
| 224|0x0000000462800000, 0x0000000462800000, 0x0000000462c00000|  0%| F|  |TAMS 0x0000000462800000| PB 0x0000000462800000| Untracked 
| 225|0x0000000462c00000, 0x0000000462c00000, 0x0000000463000000|  0%| F|  |TAMS 0x0000000462c00000| PB 0x0000000462c00000| Untracked 
| 226|0x0000000463000000, 0x0000000463000000, 0x0000000463400000|  0%| F|  |TAMS 0x0000000463000000| PB 0x0000000463000000| Untracked 
| 227|0x0000000463400000, 0x0000000463400000, 0x0000000463800000|  0%| F|  |TAMS 0x0000000463400000| PB 0x0000000463400000| Untracked 
| 228|0x0000000463800000, 0x0000000463800000, 0x0000000463c00000|  0%| F|  |TAMS 0x0000000463800000| PB 0x0000000463800000| Untracked 
| 229|0x0000000463c00000, 0x0000000463c00000, 0x0000000464000000|  0%| F|  |TAMS 0x0000000463c00000| PB 0x0000000463c00000| Untracked 
| 230|0x0000000464000000, 0x0000000464000000, 0x0000000464400000|  0%| F|  |TAMS 0x0000000464000000| PB 0x0000000464000000| Untracked 
| 231|0x0000000464400000, 0x0000000464400000, 0x0000000464800000|  0%| F|  |TAMS 0x0000000464400000| PB 0x0000000464400000| Untracked 
| 232|0x0000000464800000, 0x0000000464800000, 0x0000000464c00000|  0%| F|  |TAMS 0x0000000464800000| PB 0x0000000464800000| Untracked 
| 233|0x0000000464c00000, 0x0000000464c00000, 0x0000000465000000|  0%| F|  |TAMS 0x0000000464c00000| PB 0x0000000464c00000| Untracked 
| 234|0x0000000465000000, 0x0000000465000000, 0x0000000465400000|  0%| F|  |TAMS 0x0000000465000000| PB 0x0000000465000000| Untracked 
| 235|0x0000000465400000, 0x0000000465400000, 0x0000000465800000|  0%| F|  |TAMS 0x0000000465400000| PB 0x0000000465400000| Untracked 
| 236|0x0000000465800000, 0x0000000465800000, 0x0000000465c00000|  0%| F|  |TAMS 0x0000000465800000| PB 0x0000000465800000| Untracked 
| 237|0x0000000465c00000, 0x0000000465c00000, 0x0000000466000000|  0%| F|  |TAMS 0x0000000465c00000| PB 0x0000000465c00000| Untracked 
| 238|0x0000000466000000, 0x0000000466000000, 0x0000000466400000|  0%| F|  |TAMS 0x0000000466000000| PB 0x0000000466000000| Untracked 
| 239|0x0000000466400000, 0x0000000466400000, 0x0000000466800000|  0%| F|  |TAMS 0x0000000466400000| PB 0x0000000466400000| Untracked 
| 240|0x0000000466800000, 0x0000000466800000, 0x0000000466c00000|  0%| F|  |TAMS 0x0000000466800000| PB 0x0000000466800000| Untracked 
| 241|0x0000000466c00000, 0x0000000466c00000, 0x0000000467000000|  0%| F|  |TAMS 0x0000000466c00000| PB 0x0000000466c00000| Untracked 
| 242|0x0000000467000000, 0x0000000467000000, 0x0000000467400000|  0%| F|  |TAMS 0x0000000467000000| PB 0x0000000467000000| Untracked 
| 243|0x0000000467400000, 0x0000000467400000, 0x0000000467800000|  0%| F|  |TAMS 0x0000000467400000| PB 0x0000000467400000| Untracked 
| 244|0x0000000467800000, 0x0000000467800000, 0x0000000467c00000|  0%| F|  |TAMS 0x0000000467800000| PB 0x0000000467800000| Untracked 
| 245|0x0000000467c00000, 0x0000000467c00000, 0x0000000468000000|  0%| F|  |TAMS 0x0000000467c00000| PB 0x0000000467c00000| Untracked 
| 246|0x0000000468000000, 0x0000000468000000, 0x0000000468400000|  0%| F|  |TAMS 0x0000000468000000| PB 0x0000000468000000| Untracked 
| 247|0x0000000468400000, 0x0000000468400000, 0x0000000468800000|  0%| F|  |TAMS 0x0000000468400000| PB 0x0000000468400000| Untracked 
| 248|0x0000000468800000, 0x0000000468800000, 0x0000000468c00000|  0%| F|  |TAMS 0x0000000468800000| PB 0x0000000468800000| Untracked 
| 249|0x0000000468c00000, 0x0000000468c00000, 0x0000000469000000|  0%| F|  |TAMS 0x0000000468c00000| PB 0x0000000468c00000| Untracked 
| 250|0x0000000469000000, 0x0000000469000000, 0x0000000469400000|  0%| F|  |TAMS 0x0000000469000000| PB 0x0000000469000000| Untracked 
| 251|0x0000000469400000, 0x0000000469400000, 0x0000000469800000|  0%| F|  |TAMS 0x0000000469400000| PB 0x0000000469400000| Untracked 
| 252|0x0000000469800000, 0x0000000469800000, 0x0000000469c00000|  0%| F|  |TAMS 0x0000000469800000| PB 0x0000000469800000| Untracked 
| 253|0x0000000469c00000, 0x0000000469c00000, 0x000000046a000000|  0%| F|  |TAMS 0x0000000469c00000| PB 0x0000000469c00000| Untracked 
| 254|0x000000046a000000, 0x000000046a000000, 0x000000046a400000|  0%| F|  |TAMS 0x000000046a000000| PB 0x000000046a000000| Untracked 
| 255|0x000000046a400000, 0x000000046a400000, 0x000000046a800000|  0%| F|  |TAMS 0x000000046a400000| PB 0x000000046a400000| Untracked 
| 256|0x000000046a800000, 0x000000046a800000, 0x000000046ac00000|  0%| F|  |TAMS 0x000000046a800000| PB 0x000000046a800000| Untracked 
| 257|0x000000046ac00000, 0x000000046ac00000, 0x000000046b000000|  0%| F|  |TAMS 0x000000046ac00000| PB 0x000000046ac00000| Untracked 
| 258|0x000000046b000000, 0x000000046b000000, 0x000000046b400000|  0%| F|  |TAMS 0x000000046b000000| PB 0x000000046b000000| Untracked 
| 259|0x000000046b400000, 0x000000046b400000, 0x000000046b800000|  0%| F|  |TAMS 0x000000046b400000| PB 0x000000046b400000| Untracked 
| 260|0x000000046b800000, 0x000000046b800000, 0x000000046bc00000|  0%| F|  |TAMS 0x000000046b800000| PB 0x000000046b800000| Untracked 
| 261|0x000000046bc00000, 0x000000046bc00000, 0x000000046c000000|  0%| F|  |TAMS 0x000000046bc00000| PB 0x000000046bc00000| Untracked 
| 262|0x000000046c000000, 0x000000046c000000, 0x000000046c400000|  0%| F|  |TAMS 0x000000046c000000| PB 0x000000046c000000| Untracked 
| 263|0x000000046c400000, 0x000000046c400000, 0x000000046c800000|  0%| F|  |TAMS 0x000000046c400000| PB 0x000000046c400000| Untracked 
| 264|0x000000046c800000, 0x000000046c800000, 0x000000046cc00000|  0%| F|  |TAMS 0x000000046c800000| PB 0x000000046c800000| Untracked 
| 265|0x000000046cc00000, 0x000000046cc00000, 0x000000046d000000|  0%| F|  |TAMS 0x000000046cc00000| PB 0x000000046cc00000| Untracked 
| 266|0x000000046d000000, 0x000000046d000000, 0x000000046d400000|  0%| F|  |TAMS 0x000000046d000000| PB 0x000000046d000000| Untracked 
| 267|0x000000046d400000, 0x000000046d400000, 0x000000046d800000|  0%| F|  |TAMS 0x000000046d400000| PB 0x000000046d400000| Untracked 
| 268|0x000000046d800000, 0x000000046d800000, 0x000000046dc00000|  0%| F|  |TAMS 0x000000046d800000| PB 0x000000046d800000| Untracked 
| 269|0x000000046dc00000, 0x000000046dc00000, 0x000000046e000000|  0%| F|  |TAMS 0x000000046dc00000| PB 0x000000046dc00000| Untracked 
| 270|0x000000046e000000, 0x000000046e000000, 0x000000046e400000|  0%| F|  |TAMS 0x000000046e000000| PB 0x000000046e000000| Untracked 
| 271|0x000000046e400000, 0x000000046e400000, 0x000000046e800000|  0%| F|  |TAMS 0x000000046e400000| PB 0x000000046e400000| Untracked 
| 272|0x000000046e800000, 0x000000046e800000, 0x000000046ec00000|  0%| F|  |TAMS 0x000000046e800000| PB 0x000000046e800000| Untracked 
| 273|0x000000046ec00000, 0x000000046ec00000, 0x000000046f000000|  0%| F|  |TAMS 0x000000046ec00000| PB 0x000000046ec00000| Untracked 
| 274|0x000000046f000000, 0x000000046f000000, 0x000000046f400000|  0%| F|  |TAMS 0x000000046f000000| PB 0x000000046f000000| Untracked 
| 275|0x000000046f400000, 0x000000046f400000, 0x000000046f800000|  0%| F|  |TAMS 0x000000046f400000| PB 0x000000046f400000| Untracked 
| 276|0x000000046f800000, 0x000000046f800000, 0x000000046fc00000|  0%| F|  |TAMS 0x000000046f800000| PB 0x000000046f800000| Untracked 
| 277|0x000000046fc00000, 0x000000046fc00000, 0x0000000470000000|  0%| F|  |TAMS 0x000000046fc00000| PB 0x000000046fc00000| Untracked 
| 278|0x0000000470000000, 0x0000000470000000, 0x0000000470400000|  0%| F|  |TAMS 0x0000000470000000| PB 0x0000000470000000| Untracked 
| 279|0x0000000470400000, 0x0000000470400000, 0x0000000470800000|  0%| F|  |TAMS 0x0000000470400000| PB 0x0000000470400000| Untracked 
| 280|0x0000000470800000, 0x0000000470800000, 0x0000000470c00000|  0%| F|  |TAMS 0x0000000470800000| PB 0x0000000470800000| Untracked 
| 281|0x0000000470c00000, 0x0000000470c00000, 0x0000000471000000|  0%| F|  |TAMS 0x0000000470c00000| PB 0x0000000470c00000| Untracked 
| 282|0x0000000471000000, 0x0000000471000000, 0x0000000471400000|  0%| F|  |TAMS 0x0000000471000000| PB 0x0000000471000000| Untracked 
| 283|0x0000000471400000, 0x0000000471400000, 0x0000000471800000|  0%| F|  |TAMS 0x0000000471400000| PB 0x0000000471400000| Untracked 
| 284|0x0000000471800000, 0x0000000471800000, 0x0000000471c00000|  0%| F|  |TAMS 0x0000000471800000| PB 0x0000000471800000| Untracked 
| 285|0x0000000471c00000, 0x0000000471c00000, 0x0000000472000000|  0%| F|  |TAMS 0x0000000471c00000| PB 0x0000000471c00000| Untracked 
| 286|0x0000000472000000, 0x0000000472000000, 0x0000000472400000|  0%| F|  |TAMS 0x0000000472000000| PB 0x0000000472000000| Untracked 
| 287|0x0000000472400000, 0x0000000472400000, 0x0000000472800000|  0%| F|  |TAMS 0x0000000472400000| PB 0x0000000472400000| Untracked 
| 288|0x0000000472800000, 0x0000000472800000, 0x0000000472c00000|  0%| F|  |TAMS 0x0000000472800000| PB 0x0000000472800000| Untracked 
| 289|0x0000000472c00000, 0x0000000472c00000, 0x0000000473000000|  0%| F|  |TAMS 0x0000000472c00000| PB 0x0000000472c00000| Untracked 
| 290|0x0000000473000000, 0x0000000473000000, 0x0000000473400000|  0%| F|  |TAMS 0x0000000473000000| PB 0x0000000473000000| Untracked 
| 291|0x0000000473400000, 0x0000000473400000, 0x0000000473800000|  0%| F|  |TAMS 0x0000000473400000| PB 0x0000000473400000| Untracked 
| 292|0x0000000473800000, 0x0000000473800000, 0x0000000473c00000|  0%| F|  |TAMS 0x0000000473800000| PB 0x0000000473800000| Untracked 
| 293|0x0000000473c00000, 0x0000000473c00000, 0x0000000474000000|  0%| F|  |TAMS 0x0000000473c00000| PB 0x0000000473c00000| Untracked 
| 294|0x0000000474000000, 0x0000000474000000, 0x0000000474400000|  0%| F|  |TAMS 0x0000000474000000| PB 0x0000000474000000| Untracked 
| 295|0x0000000474400000, 0x0000000474400000, 0x0000000474800000|  0%| F|  |TAMS 0x0000000474400000| PB 0x0000000474400000| Untracked 
| 296|0x0000000474800000, 0x0000000474800000, 0x0000000474c00000|  0%| F|  |TAMS 0x0000000474800000| PB 0x0000000474800000| Untracked 
| 297|0x0000000474c00000, 0x0000000474c00000, 0x0000000475000000|  0%| F|  |TAMS 0x0000000474c00000| PB 0x0000000474c00000| Untracked 
| 298|0x0000000475000000, 0x0000000475000000, 0x0000000475400000|  0%| F|  |TAMS 0x0000000475000000| PB 0x0000000475000000| Untracked 
| 299|0x0000000475400000, 0x0000000475400000, 0x0000000475800000|  0%| F|  |TAMS 0x0000000475400000| PB 0x0000000475400000| Untracked 
| 300|0x0000000475800000, 0x0000000475800000, 0x0000000475c00000|  0%| F|  |TAMS 0x0000000475800000| PB 0x0000000475800000| Untracked 
| 301|0x0000000475c00000, 0x0000000475c00000, 0x0000000476000000|  0%| F|  |TAMS 0x0000000475c00000| PB 0x0000000475c00000| Untracked 
| 302|0x0000000476000000, 0x0000000476000000, 0x0000000476400000|  0%| F|  |TAMS 0x0000000476000000| PB 0x0000000476000000| Untracked 
| 303|0x0000000476400000, 0x0000000476400000, 0x0000000476800000|  0%| F|  |TAMS 0x0000000476400000| PB 0x0000000476400000| Untracked 
| 304|0x0000000476800000, 0x0000000476800000, 0x0000000476c00000|  0%| F|  |TAMS 0x0000000476800000| PB 0x0000000476800000| Untracked 
| 305|0x0000000476c00000, 0x0000000476c00000, 0x0000000477000000|  0%| F|  |TAMS 0x0000000476c00000| PB 0x0000000476c00000| Untracked 
| 306|0x0000000477000000, 0x0000000477000000, 0x0000000477400000|  0%| F|  |TAMS 0x0000000477000000| PB 0x0000000477000000| Untracked 
| 307|0x0000000477400000, 0x0000000477400000, 0x0000000477800000|  0%| F|  |TAMS 0x0000000477400000| PB 0x0000000477400000| Untracked 
| 308|0x0000000477800000, 0x0000000477800000, 0x0000000477c00000|  0%| F|  |TAMS 0x0000000477800000| PB 0x0000000477800000| Untracked 
| 309|0x0000000477c00000, 0x0000000477c00000, 0x0000000478000000|  0%| F|  |TAMS 0x0000000477c00000| PB 0x0000000477c00000| Untracked 
| 310|0x0000000478000000, 0x0000000478000000, 0x0000000478400000|  0%| F|  |TAMS 0x0000000478000000| PB 0x0000000478000000| Untracked 
| 311|0x0000000478400000, 0x0000000478400000, 0x0000000478800000|  0%| F|  |TAMS 0x0000000478400000| PB 0x0000000478400000| Untracked 
| 312|0x0000000478800000, 0x0000000478800000, 0x0000000478c00000|  0%| F|  |TAMS 0x0000000478800000| PB 0x0000000478800000| Untracked 
| 313|0x0000000478c00000, 0x0000000478c00000, 0x0000000479000000|  0%| F|  |TAMS 0x0000000478c00000| PB 0x0000000478c00000| Untracked 
| 314|0x0000000479000000, 0x0000000479000000, 0x0000000479400000|  0%| F|  |TAMS 0x0000000479000000| PB 0x0000000479000000| Untracked 
| 315|0x0000000479400000, 0x0000000479400000, 0x0000000479800000|  0%| F|  |TAMS 0x0000000479400000| PB 0x0000000479400000| Untracked 
| 316|0x0000000479800000, 0x0000000479800000, 0x0000000479c00000|  0%| F|  |TAMS 0x0000000479800000| PB 0x0000000479800000| Untracked 
| 317|0x0000000479c00000, 0x0000000479c00000, 0x000000047a000000|  0%| F|  |TAMS 0x0000000479c00000| PB 0x0000000479c00000| Untracked 
| 318|0x000000047a000000, 0x000000047a000000, 0x000000047a400000|  0%| F|  |TAMS 0x000000047a000000| PB 0x000000047a000000| Untracked 
| 319|0x000000047a400000, 0x000000047a400000, 0x000000047a800000|  0%| F|  |TAMS 0x000000047a400000| PB 0x000000047a400000| Untracked 
| 320|0x000000047a800000, 0x000000047a800000, 0x000000047ac00000|  0%| F|  |TAMS 0x000000047a800000| PB 0x000000047a800000| Untracked 
| 321|0x000000047ac00000, 0x000000047ac00000, 0x000000047b000000|  0%| F|  |TAMS 0x000000047ac00000| PB 0x000000047ac00000| Untracked 
| 322|0x000000047b000000, 0x000000047b000000, 0x000000047b400000|  0%| F|  |TAMS 0x000000047b000000| PB 0x000000047b000000| Untracked 
| 323|0x000000047b400000, 0x000000047b400000, 0x000000047b800000|  0%| F|  |TAMS 0x000000047b400000| PB 0x000000047b400000| Untracked 
| 324|0x000000047b800000, 0x000000047b800000, 0x000000047bc00000|  0%| F|  |TAMS 0x000000047b800000| PB 0x000000047b800000| Untracked 
| 325|0x000000047bc00000, 0x000000047bc00000, 0x000000047c000000|  0%| F|  |TAMS 0x000000047bc00000| PB 0x000000047bc00000| Untracked 
| 326|0x000000047c000000, 0x000000047c000000, 0x000000047c400000|  0%| F|  |TAMS 0x000000047c000000| PB 0x000000047c000000| Untracked 
| 327|0x000000047c400000, 0x000000047c400000, 0x000000047c800000|  0%| F|  |TAMS 0x000000047c400000| PB 0x000000047c400000| Untracked 
| 328|0x000000047c800000, 0x000000047c800000, 0x000000047cc00000|  0%| F|  |TAMS 0x000000047c800000| PB 0x000000047c800000| Untracked 
| 329|0x000000047cc00000, 0x000000047cc00000, 0x000000047d000000|  0%| F|  |TAMS 0x000000047cc00000| PB 0x000000047cc00000| Untracked 
| 330|0x000000047d000000, 0x000000047d000000, 0x000000047d400000|  0%| F|  |TAMS 0x000000047d000000| PB 0x000000047d000000| Untracked 
| 331|0x000000047d400000, 0x000000047d400000, 0x000000047d800000|  0%| F|  |TAMS 0x000000047d400000| PB 0x000000047d400000| Untracked 
| 332|0x000000047d800000, 0x000000047d800000, 0x000000047dc00000|  0%| F|  |TAMS 0x000000047d800000| PB 0x000000047d800000| Untracked 
| 333|0x000000047dc00000, 0x000000047dc00000, 0x000000047e000000|  0%| F|  |TAMS 0x000000047dc00000| PB 0x000000047dc00000| Untracked 
| 334|0x000000047e000000, 0x000000047e000000, 0x000000047e400000|  0%| F|  |TAMS 0x000000047e000000| PB 0x000000047e000000| Untracked 
| 335|0x000000047e400000, 0x000000047e400000, 0x000000047e800000|  0%| F|  |TAMS 0x000000047e400000| PB 0x000000047e400000| Untracked 
| 336|0x000000047e800000, 0x000000047e800000, 0x000000047ec00000|  0%| F|  |TAMS 0x000000047e800000| PB 0x000000047e800000| Untracked 
| 337|0x000000047ec00000, 0x000000047ec00000, 0x000000047f000000|  0%| F|  |TAMS 0x000000047ec00000| PB 0x000000047ec00000| Untracked 
| 338|0x000000047f000000, 0x000000047f000000, 0x000000047f400000|  0%| F|  |TAMS 0x000000047f000000| PB 0x000000047f000000| Untracked 
| 339|0x000000047f400000, 0x000000047f400000, 0x000000047f800000|  0%| F|  |TAMS 0x000000047f400000| PB 0x000000047f400000| Untracked 
| 340|0x000000047f800000, 0x000000047f800000, 0x000000047fc00000|  0%| F|  |TAMS 0x000000047f800000| PB 0x000000047f800000| Untracked 
| 341|0x000000047fc00000, 0x000000047fc00000, 0x0000000480000000|  0%| F|  |TAMS 0x000000047fc00000| PB 0x000000047fc00000| Untracked 
| 342|0x0000000480000000, 0x0000000480000000, 0x0000000480400000|  0%| F|  |TAMS 0x0000000480000000| PB 0x0000000480000000| Untracked 
| 343|0x0000000480400000, 0x0000000480400000, 0x0000000480800000|  0%| F|  |TAMS 0x0000000480400000| PB 0x0000000480400000| Untracked 
| 344|0x0000000480800000, 0x0000000480800000, 0x0000000480c00000|  0%| F|  |TAMS 0x0000000480800000| PB 0x0000000480800000| Untracked 
| 345|0x0000000480c00000, 0x0000000480c00000, 0x0000000481000000|  0%| F|  |TAMS 0x0000000480c00000| PB 0x0000000480c00000| Untracked 
| 346|0x0000000481000000, 0x0000000481000000, 0x0000000481400000|  0%| F|  |TAMS 0x0000000481000000| PB 0x0000000481000000| Untracked 
| 347|0x0000000481400000, 0x0000000481400000, 0x0000000481800000|  0%| F|  |TAMS 0x0000000481400000| PB 0x0000000481400000| Untracked 
| 348|0x0000000481800000, 0x0000000481800000, 0x0000000481c00000|  0%| F|  |TAMS 0x0000000481800000| PB 0x0000000481800000| Untracked 
| 349|0x0000000481c00000, 0x0000000481c00000, 0x0000000482000000|  0%| F|  |TAMS 0x0000000481c00000| PB 0x0000000481c00000| Untracked 
| 350|0x0000000482000000, 0x0000000482000000, 0x0000000482400000|  0%| F|  |TAMS 0x0000000482000000| PB 0x0000000482000000| Untracked 
| 351|0x0000000482400000, 0x0000000482400000, 0x0000000482800000|  0%| F|  |TAMS 0x0000000482400000| PB 0x0000000482400000| Untracked 
| 352|0x0000000482800000, 0x0000000482800000, 0x0000000482c00000|  0%| F|  |TAMS 0x0000000482800000| PB 0x0000000482800000| Untracked 
| 353|0x0000000482c00000, 0x0000000482c00000, 0x0000000483000000|  0%| F|  |TAMS 0x0000000482c00000| PB 0x0000000482c00000| Untracked 
| 354|0x0000000483000000, 0x0000000483000000, 0x0000000483400000|  0%| F|  |TAMS 0x0000000483000000| PB 0x0000000483000000| Untracked 
| 355|0x0000000483400000, 0x0000000483400000, 0x0000000483800000|  0%| F|  |TAMS 0x0000000483400000| PB 0x0000000483400000| Untracked 
| 356|0x0000000483800000, 0x0000000483800000, 0x0000000483c00000|  0%| F|  |TAMS 0x0000000483800000| PB 0x0000000483800000| Untracked 
| 357|0x0000000483c00000, 0x0000000483c00000, 0x0000000484000000|  0%| F|  |TAMS 0x0000000483c00000| PB 0x0000000483c00000| Untracked 
| 358|0x0000000484000000, 0x0000000484000000, 0x0000000484400000|  0%| F|  |TAMS 0x0000000484000000| PB 0x0000000484000000| Untracked 
| 359|0x0000000484400000, 0x0000000484400000, 0x0000000484800000|  0%| F|  |TAMS 0x0000000484400000| PB 0x0000000484400000| Untracked 
| 360|0x0000000484800000, 0x0000000484800000, 0x0000000484c00000|  0%| F|  |TAMS 0x0000000484800000| PB 0x0000000484800000| Untracked 
| 361|0x0000000484c00000, 0x0000000484c00000, 0x0000000485000000|  0%| F|  |TAMS 0x0000000484c00000| PB 0x0000000484c00000| Untracked 
| 362|0x0000000485000000, 0x0000000485000000, 0x0000000485400000|  0%| F|  |TAMS 0x0000000485000000| PB 0x0000000485000000| Untracked 
| 363|0x0000000485400000, 0x0000000485400000, 0x0000000485800000|  0%| F|  |TAMS 0x0000000485400000| PB 0x0000000485400000| Untracked 
| 364|0x0000000485800000, 0x0000000485800000, 0x0000000485c00000|  0%| F|  |TAMS 0x0000000485800000| PB 0x0000000485800000| Untracked 
| 365|0x0000000485c00000, 0x0000000485c00000, 0x0000000486000000|  0%| F|  |TAMS 0x0000000485c00000| PB 0x0000000485c00000| Untracked 
| 366|0x0000000486000000, 0x0000000486000000, 0x0000000486400000|  0%| F|  |TAMS 0x0000000486000000| PB 0x0000000486000000| Untracked 
| 367|0x0000000486400000, 0x0000000486400000, 0x0000000486800000|  0%| F|  |TAMS 0x0000000486400000| PB 0x0000000486400000| Untracked 
| 368|0x0000000486800000, 0x0000000486800000, 0x0000000486c00000|  0%| F|  |TAMS 0x0000000486800000| PB 0x0000000486800000| Untracked 
| 369|0x0000000486c00000, 0x0000000486c00000, 0x0000000487000000|  0%| F|  |TAMS 0x0000000486c00000| PB 0x0000000486c00000| Untracked 
| 370|0x0000000487000000, 0x0000000487000000, 0x0000000487400000|  0%| F|  |TAMS 0x0000000487000000| PB 0x0000000487000000| Untracked 
| 371|0x0000000487400000, 0x0000000487400000, 0x0000000487800000|  0%| F|  |TAMS 0x0000000487400000| PB 0x0000000487400000| Untracked 
| 372|0x0000000487800000, 0x0000000487800000, 0x0000000487c00000|  0%| F|  |TAMS 0x0000000487800000| PB 0x0000000487800000| Untracked 
| 373|0x0000000487c00000, 0x0000000487c00000, 0x0000000488000000|  0%| F|  |TAMS 0x0000000487c00000| PB 0x0000000487c00000| Untracked 
| 374|0x0000000488000000, 0x0000000488000000, 0x0000000488400000|  0%| F|  |TAMS 0x0000000488000000| PB 0x0000000488000000| Untracked 
| 375|0x0000000488400000, 0x0000000488400000, 0x0000000488800000|  0%| F|  |TAMS 0x0000000488400000| PB 0x0000000488400000| Untracked 
| 376|0x0000000488800000, 0x0000000488800000, 0x0000000488c00000|  0%| F|  |TAMS 0x0000000488800000| PB 0x0000000488800000| Untracked 
| 377|0x0000000488c00000, 0x0000000488c00000, 0x0000000489000000|  0%| F|  |TAMS 0x0000000488c00000| PB 0x0000000488c00000| Untracked 
| 378|0x0000000489000000, 0x0000000489000000, 0x0000000489400000|  0%| F|  |TAMS 0x0000000489000000| PB 0x0000000489000000| Untracked 
| 379|0x0000000489400000, 0x0000000489400000, 0x0000000489800000|  0%| F|  |TAMS 0x0000000489400000| PB 0x0000000489400000| Untracked 
| 380|0x0000000489800000, 0x0000000489800000, 0x0000000489c00000|  0%| F|  |TAMS 0x0000000489800000| PB 0x0000000489800000| Untracked 
| 381|0x0000000489c00000, 0x0000000489c00000, 0x000000048a000000|  0%| F|  |TAMS 0x0000000489c00000| PB 0x0000000489c00000| Untracked 
| 382|0x000000048a000000, 0x000000048a000000, 0x000000048a400000|  0%| F|  |TAMS 0x000000048a000000| PB 0x000000048a000000| Untracked 
| 383|0x000000048a400000, 0x000000048a400000, 0x000000048a800000|  0%| F|  |TAMS 0x000000048a400000| PB 0x000000048a400000| Untracked 
| 384|0x000000048a800000, 0x000000048a800000, 0x000000048ac00000|  0%| F|  |TAMS 0x000000048a800000| PB 0x000000048a800000| Untracked 
| 385|0x000000048ac00000, 0x000000048ac00000, 0x000000048b000000|  0%| F|  |TAMS 0x000000048ac00000| PB 0x000000048ac00000| Untracked 
| 386|0x000000048b000000, 0x000000048b000000, 0x000000048b400000|  0%| F|  |TAMS 0x000000048b000000| PB 0x000000048b000000| Untracked 
| 387|0x000000048b400000, 0x000000048b400000, 0x000000048b800000|  0%| F|  |TAMS 0x000000048b400000| PB 0x000000048b400000| Untracked 
| 388|0x000000048b800000, 0x000000048b800000, 0x000000048bc00000|  0%| F|  |TAMS 0x000000048b800000| PB 0x000000048b800000| Untracked 
| 389|0x000000048bc00000, 0x000000048bc00000, 0x000000048c000000|  0%| F|  |TAMS 0x000000048bc00000| PB 0x000000048bc00000| Untracked 
| 390|0x000000048c000000, 0x000000048c000000, 0x000000048c400000|  0%| F|  |TAMS 0x000000048c000000| PB 0x000000048c000000| Untracked 
| 391|0x000000048c400000, 0x000000048c400000, 0x000000048c800000|  0%| F|  |TAMS 0x000000048c400000| PB 0x000000048c400000| Untracked 
| 392|0x000000048c800000, 0x000000048c800000, 0x000000048cc00000|  0%| F|  |TAMS 0x000000048c800000| PB 0x000000048c800000| Untracked 
| 393|0x000000048cc00000, 0x000000048cc00000, 0x000000048d000000|  0%| F|  |TAMS 0x000000048cc00000| PB 0x000000048cc00000| Untracked 
| 394|0x000000048d000000, 0x000000048d000000, 0x000000048d400000|  0%| F|  |TAMS 0x000000048d000000| PB 0x000000048d000000| Untracked 
| 395|0x000000048d400000, 0x000000048d400000, 0x000000048d800000|  0%| F|  |TAMS 0x000000048d400000| PB 0x000000048d400000| Untracked 
| 396|0x000000048d800000, 0x000000048d800000, 0x000000048dc00000|  0%| F|  |TAMS 0x000000048d800000| PB 0x000000048d800000| Untracked 
| 397|0x000000048dc00000, 0x000000048dc00000, 0x000000048e000000|  0%| F|  |TAMS 0x000000048dc00000| PB 0x000000048dc00000| Untracked 
| 398|0x000000048e000000, 0x000000048e000000, 0x000000048e400000|  0%| F|  |TAMS 0x000000048e000000| PB 0x000000048e000000| Untracked 
| 399|0x000000048e400000, 0x000000048e400000, 0x000000048e800000|  0%| F|  |TAMS 0x000000048e400000| PB 0x000000048e400000| Untracked 
| 400|0x000000048e800000, 0x000000048e800000, 0x000000048ec00000|  0%| F|  |TAMS 0x000000048e800000| PB 0x000000048e800000| Untracked 
| 401|0x000000048ec00000, 0x000000048ec00000, 0x000000048f000000|  0%| F|  |TAMS 0x000000048ec00000| PB 0x000000048ec00000| Untracked 
| 402|0x000000048f000000, 0x000000048f000000, 0x000000048f400000|  0%| F|  |TAMS 0x000000048f000000| PB 0x000000048f000000| Untracked 
| 403|0x000000048f400000, 0x000000048f400000, 0x000000048f800000|  0%| F|  |TAMS 0x000000048f400000| PB 0x000000048f400000| Untracked 
| 404|0x000000048f800000, 0x000000048f800000, 0x000000048fc00000|  0%| F|  |TAMS 0x000000048f800000| PB 0x000000048f800000| Untracked 
| 405|0x000000048fc00000, 0x000000048fc00000, 0x0000000490000000|  0%| F|  |TAMS 0x000000048fc00000| PB 0x000000048fc00000| Untracked 
| 406|0x0000000490000000, 0x0000000490000000, 0x0000000490400000|  0%| F|  |TAMS 0x0000000490000000| PB 0x0000000490000000| Untracked 
| 407|0x0000000490400000, 0x0000000490400000, 0x0000000490800000|  0%| F|  |TAMS 0x0000000490400000| PB 0x0000000490400000| Untracked 
| 408|0x0000000490800000, 0x0000000490800000, 0x0000000490c00000|  0%| F|  |TAMS 0x0000000490800000| PB 0x0000000490800000| Untracked 
| 409|0x0000000490c00000, 0x0000000490c00000, 0x0000000491000000|  0%| F|  |TAMS 0x0000000490c00000| PB 0x0000000490c00000| Untracked 
| 410|0x0000000491000000, 0x0000000491000000, 0x0000000491400000|  0%| F|  |TAMS 0x0000000491000000| PB 0x0000000491000000| Untracked 
| 411|0x0000000491400000, 0x0000000491400000, 0x0000000491800000|  0%| F|  |TAMS 0x0000000491400000| PB 0x0000000491400000| Untracked 
| 412|0x0000000491800000, 0x0000000491800000, 0x0000000491c00000|  0%| F|  |TAMS 0x0000000491800000| PB 0x0000000491800000| Untracked 
| 413|0x0000000491c00000, 0x0000000491c00000, 0x0000000492000000|  0%| F|  |TAMS 0x0000000491c00000| PB 0x0000000491c00000| Untracked 
| 414|0x0000000492000000, 0x0000000492000000, 0x0000000492400000|  0%| F|  |TAMS 0x0000000492000000| PB 0x0000000492000000| Untracked 
| 415|0x0000000492400000, 0x0000000492400000, 0x0000000492800000|  0%| F|  |TAMS 0x0000000492400000| PB 0x0000000492400000| Untracked 
| 416|0x0000000492800000, 0x0000000492800000, 0x0000000492c00000|  0%| F|  |TAMS 0x0000000492800000| PB 0x0000000492800000| Untracked 
| 417|0x0000000492c00000, 0x0000000492c00000, 0x0000000493000000|  0%| F|  |TAMS 0x0000000492c00000| PB 0x0000000492c00000| Untracked 
| 418|0x0000000493000000, 0x0000000493000000, 0x0000000493400000|  0%| F|  |TAMS 0x0000000493000000| PB 0x0000000493000000| Untracked 
| 419|0x0000000493400000, 0x0000000493400000, 0x0000000493800000|  0%| F|  |TAMS 0x0000000493400000| PB 0x0000000493400000| Untracked 
| 420|0x0000000493800000, 0x0000000493800000, 0x0000000493c00000|  0%| F|  |TAMS 0x0000000493800000| PB 0x0000000493800000| Untracked 
| 421|0x0000000493c00000, 0x0000000493c00000, 0x0000000494000000|  0%| F|  |TAMS 0x0000000493c00000| PB 0x0000000493c00000| Untracked 
| 422|0x0000000494000000, 0x0000000494000000, 0x0000000494400000|  0%| F|  |TAMS 0x0000000494000000| PB 0x0000000494000000| Untracked 
| 423|0x0000000494400000, 0x0000000494400000, 0x0000000494800000|  0%| F|  |TAMS 0x0000000494400000| PB 0x0000000494400000| Untracked 
| 424|0x0000000494800000, 0x0000000494800000, 0x0000000494c00000|  0%| F|  |TAMS 0x0000000494800000| PB 0x0000000494800000| Untracked 
| 425|0x0000000494c00000, 0x0000000494c00000, 0x0000000495000000|  0%| F|  |TAMS 0x0000000494c00000| PB 0x0000000494c00000| Untracked 
| 426|0x0000000495000000, 0x0000000495000000, 0x0000000495400000|  0%| F|  |TAMS 0x0000000495000000| PB 0x0000000495000000| Untracked 
| 427|0x0000000495400000, 0x0000000495400000, 0x0000000495800000|  0%| F|  |TAMS 0x0000000495400000| PB 0x0000000495400000| Untracked 
| 428|0x0000000495800000, 0x0000000495800000, 0x0000000495c00000|  0%| F|  |TAMS 0x0000000495800000| PB 0x0000000495800000| Untracked 
| 429|0x0000000495c00000, 0x0000000495c00000, 0x0000000496000000|  0%| F|  |TAMS 0x0000000495c00000| PB 0x0000000495c00000| Untracked 
| 430|0x0000000496000000, 0x0000000496000000, 0x0000000496400000|  0%| F|  |TAMS 0x0000000496000000| PB 0x0000000496000000| Untracked 
| 431|0x0000000496400000, 0x0000000496400000, 0x0000000496800000|  0%| F|  |TAMS 0x0000000496400000| PB 0x0000000496400000| Untracked 
| 432|0x0000000496800000, 0x0000000496800000, 0x0000000496c00000|  0%| F|  |TAMS 0x0000000496800000| PB 0x0000000496800000| Untracked 
| 433|0x0000000496c00000, 0x0000000496c00000, 0x0000000497000000|  0%| F|  |TAMS 0x0000000496c00000| PB 0x0000000496c00000| Untracked 
| 434|0x0000000497000000, 0x0000000497000000, 0x0000000497400000|  0%| F|  |TAMS 0x0000000497000000| PB 0x0000000497000000| Untracked 
| 435|0x0000000497400000, 0x0000000497400000, 0x0000000497800000|  0%| F|  |TAMS 0x0000000497400000| PB 0x0000000497400000| Untracked 
| 436|0x0000000497800000, 0x0000000497800000, 0x0000000497c00000|  0%| F|  |TAMS 0x0000000497800000| PB 0x0000000497800000| Untracked 
| 437|0x0000000497c00000, 0x0000000497c00000, 0x0000000498000000|  0%| F|  |TAMS 0x0000000497c00000| PB 0x0000000497c00000| Untracked 
| 438|0x0000000498000000, 0x0000000498000000, 0x0000000498400000|  0%| F|  |TAMS 0x0000000498000000| PB 0x0000000498000000| Untracked 
| 439|0x0000000498400000, 0x0000000498400000, 0x0000000498800000|  0%| F|  |TAMS 0x0000000498400000| PB 0x0000000498400000| Untracked 
| 440|0x0000000498800000, 0x0000000498800000, 0x0000000498c00000|  0%| F|  |TAMS 0x0000000498800000| PB 0x0000000498800000| Untracked 
| 441|0x0000000498c00000, 0x0000000498c00000, 0x0000000499000000|  0%| F|  |TAMS 0x0000000498c00000| PB 0x0000000498c00000| Untracked 
| 442|0x0000000499000000, 0x0000000499000000, 0x0000000499400000|  0%| F|  |TAMS 0x0000000499000000| PB 0x0000000499000000| Untracked 
| 443|0x0000000499400000, 0x0000000499400000, 0x0000000499800000|  0%| F|  |TAMS 0x0000000499400000| PB 0x0000000499400000| Untracked 
| 444|0x0000000499800000, 0x0000000499800000, 0x0000000499c00000|  0%| F|  |TAMS 0x0000000499800000| PB 0x0000000499800000| Untracked 
| 445|0x0000000499c00000, 0x0000000499c00000, 0x000000049a000000|  0%| F|  |TAMS 0x0000000499c00000| PB 0x0000000499c00000| Untracked 
| 446|0x000000049a000000, 0x000000049a000000, 0x000000049a400000|  0%| F|  |TAMS 0x000000049a000000| PB 0x000000049a000000| Untracked 
| 447|0x000000049a400000, 0x000000049a400000, 0x000000049a800000|  0%| F|  |TAMS 0x000000049a400000| PB 0x000000049a400000| Untracked 
| 448|0x000000049a800000, 0x000000049a800000, 0x000000049ac00000|  0%| F|  |TAMS 0x000000049a800000| PB 0x000000049a800000| Untracked 
| 449|0x000000049ac00000, 0x000000049ac00000, 0x000000049b000000|  0%| F|  |TAMS 0x000000049ac00000| PB 0x000000049ac00000| Untracked 
| 450|0x000000049b000000, 0x000000049b000000, 0x000000049b400000|  0%| F|  |TAMS 0x000000049b000000| PB 0x000000049b000000| Untracked 
| 451|0x000000049b400000, 0x000000049b400000, 0x000000049b800000|  0%| F|  |TAMS 0x000000049b400000| PB 0x000000049b400000| Untracked 
| 452|0x000000049b800000, 0x000000049b800000, 0x000000049bc00000|  0%| F|  |TAMS 0x000000049b800000| PB 0x000000049b800000| Untracked 
| 453|0x000000049bc00000, 0x000000049bc00000, 0x000000049c000000|  0%| F|  |TAMS 0x000000049bc00000| PB 0x000000049bc00000| Untracked 
| 454|0x000000049c000000, 0x000000049c000000, 0x000000049c400000|  0%| F|  |TAMS 0x000000049c000000| PB 0x000000049c000000| Untracked 
| 455|0x000000049c400000, 0x000000049c400000, 0x000000049c800000|  0%| F|  |TAMS 0x000000049c400000| PB 0x000000049c400000| Untracked 
| 456|0x000000049c800000, 0x000000049c800000, 0x000000049cc00000|  0%| F|  |TAMS 0x000000049c800000| PB 0x000000049c800000| Untracked 
| 457|0x000000049cc00000, 0x000000049cc00000, 0x000000049d000000|  0%| F|  |TAMS 0x000000049cc00000| PB 0x000000049cc00000| Untracked 
| 458|0x000000049d000000, 0x000000049d000000, 0x000000049d400000|  0%| F|  |TAMS 0x000000049d000000| PB 0x000000049d000000| Untracked 
| 459|0x000000049d400000, 0x000000049d400000, 0x000000049d800000|  0%| F|  |TAMS 0x000000049d400000| PB 0x000000049d400000| Untracked 
| 460|0x000000049d800000, 0x000000049d800000, 0x000000049dc00000|  0%| F|  |TAMS 0x000000049d800000| PB 0x000000049d800000| Untracked 
| 461|0x000000049dc00000, 0x000000049dc00000, 0x000000049e000000|  0%| F|  |TAMS 0x000000049dc00000| PB 0x000000049dc00000| Untracked 
| 462|0x000000049e000000, 0x000000049e000000, 0x000000049e400000|  0%| F|  |TAMS 0x000000049e000000| PB 0x000000049e000000| Untracked 
| 463|0x000000049e400000, 0x000000049e400000, 0x000000049e800000|  0%| F|  |TAMS 0x000000049e400000| PB 0x000000049e400000| Untracked 
| 464|0x000000049e800000, 0x000000049e800000, 0x000000049ec00000|  0%| F|  |TAMS 0x000000049e800000| PB 0x000000049e800000| Untracked 
| 465|0x000000049ec00000, 0x000000049ec00000, 0x000000049f000000|  0%| F|  |TAMS 0x000000049ec00000| PB 0x000000049ec00000| Untracked 
| 466|0x000000049f000000, 0x000000049f000000, 0x000000049f400000|  0%| F|  |TAMS 0x000000049f000000| PB 0x000000049f000000| Untracked 
| 467|0x000000049f400000, 0x000000049f400000, 0x000000049f800000|  0%| F|  |TAMS 0x000000049f400000| PB 0x000000049f400000| Untracked 
| 468|0x000000049f800000, 0x000000049f800000, 0x000000049fc00000|  0%| F|  |TAMS 0x000000049f800000| PB 0x000000049f800000| Untracked 
| 469|0x000000049fc00000, 0x000000049fc00000, 0x00000004a0000000|  0%| F|  |TAMS 0x000000049fc00000| PB 0x000000049fc00000| Untracked 
| 470|0x00000004a0000000, 0x00000004a0000000, 0x00000004a0400000|  0%| F|  |TAMS 0x00000004a0000000| PB 0x00000004a0000000| Untracked 
| 471|0x00000004a0400000, 0x00000004a0400000, 0x00000004a0800000|  0%| F|  |TAMS 0x00000004a0400000| PB 0x00000004a0400000| Untracked 
| 472|0x00000004a0800000, 0x00000004a0800000, 0x00000004a0c00000|  0%| F|  |TAMS 0x00000004a0800000| PB 0x00000004a0800000| Untracked 
| 473|0x00000004a0c00000, 0x00000004a0c00000, 0x00000004a1000000|  0%| F|  |TAMS 0x00000004a0c00000| PB 0x00000004a0c00000| Untracked 
| 474|0x00000004a1000000, 0x00000004a1000000, 0x00000004a1400000|  0%| F|  |TAMS 0x00000004a1000000| PB 0x00000004a1000000| Untracked 
| 475|0x00000004a1400000, 0x00000004a1400000, 0x00000004a1800000|  0%| F|  |TAMS 0x00000004a1400000| PB 0x00000004a1400000| Untracked 
| 476|0x00000004a1800000, 0x00000004a1800000, 0x00000004a1c00000|  0%| F|  |TAMS 0x00000004a1800000| PB 0x00000004a1800000| Untracked 
| 477|0x00000004a1c00000, 0x00000004a1c00000, 0x00000004a2000000|  0%| F|  |TAMS 0x00000004a1c00000| PB 0x00000004a1c00000| Untracked 
| 478|0x00000004a2000000, 0x00000004a2000000, 0x00000004a2400000|  0%| F|  |TAMS 0x00000004a2000000| PB 0x00000004a2000000| Untracked 
| 479|0x00000004a2400000, 0x00000004a2400000, 0x00000004a2800000|  0%| F|  |TAMS 0x00000004a2400000| PB 0x00000004a2400000| Untracked 
| 480|0x00000004a2800000, 0x00000004a2800000, 0x00000004a2c00000|  0%| F|  |TAMS 0x00000004a2800000| PB 0x00000004a2800000| Untracked 
| 481|0x00000004a2c00000, 0x00000004a2c00000, 0x00000004a3000000|  0%| F|  |TAMS 0x00000004a2c00000| PB 0x00000004a2c00000| Untracked 
| 482|0x00000004a3000000, 0x00000004a3000000, 0x00000004a3400000|  0%| F|  |TAMS 0x00000004a3000000| PB 0x00000004a3000000| Untracked 
| 483|0x00000004a3400000, 0x00000004a3400000, 0x00000004a3800000|  0%| F|  |TAMS 0x00000004a3400000| PB 0x00000004a3400000| Untracked 
| 484|0x00000004a3800000, 0x00000004a3800000, 0x00000004a3c00000|  0%| F|  |TAMS 0x00000004a3800000| PB 0x00000004a3800000| Untracked 
| 485|0x00000004a3c00000, 0x00000004a3c00000, 0x00000004a4000000|  0%| F|  |TAMS 0x00000004a3c00000| PB 0x00000004a3c00000| Untracked 
| 486|0x00000004a4000000, 0x00000004a4000000, 0x00000004a4400000|  0%| F|  |TAMS 0x00000004a4000000| PB 0x00000004a4000000| Untracked 
| 487|0x00000004a4400000, 0x00000004a4400000, 0x00000004a4800000|  0%| F|  |TAMS 0x00000004a4400000| PB 0x00000004a4400000| Untracked 
| 488|0x00000004a4800000, 0x00000004a4800000, 0x00000004a4c00000|  0%| F|  |TAMS 0x00000004a4800000| PB 0x00000004a4800000| Untracked 
| 489|0x00000004a4c00000, 0x00000004a4c00000, 0x00000004a5000000|  0%| F|  |TAMS 0x00000004a4c00000| PB 0x00000004a4c00000| Untracked 
| 490|0x00000004a5000000, 0x00000004a5000000, 0x00000004a5400000|  0%| F|  |TAMS 0x00000004a5000000| PB 0x00000004a5000000| Untracked 
| 491|0x00000004a5400000, 0x00000004a5400000, 0x00000004a5800000|  0%| F|  |TAMS 0x00000004a5400000| PB 0x00000004a5400000| Untracked 
| 492|0x00000004a5800000, 0x00000004a5800000, 0x00000004a5c00000|  0%| F|  |TAMS 0x00000004a5800000| PB 0x00000004a5800000| Untracked 
| 493|0x00000004a5c00000, 0x00000004a5c00000, 0x00000004a6000000|  0%| F|  |TAMS 0x00000004a5c00000| PB 0x00000004a5c00000| Untracked 
| 494|0x00000004a6000000, 0x00000004a6000000, 0x00000004a6400000|  0%| F|  |TAMS 0x00000004a6000000| PB 0x00000004a6000000| Untracked 
| 495|0x00000004a6400000, 0x00000004a6400000, 0x00000004a6800000|  0%| F|  |TAMS 0x00000004a6400000| PB 0x00000004a6400000| Untracked 
| 496|0x00000004a6800000, 0x00000004a6800000, 0x00000004a6c00000|  0%| F|  |TAMS 0x00000004a6800000| PB 0x00000004a6800000| Untracked 
| 497|0x00000004a6c00000, 0x00000004a6c00000, 0x00000004a7000000|  0%| F|  |TAMS 0x00000004a6c00000| PB 0x00000004a6c00000| Untracked 
| 498|0x00000004a7000000, 0x00000004a7000000, 0x00000004a7400000|  0%| F|  |TAMS 0x00000004a7000000| PB 0x00000004a7000000| Untracked 
| 499|0x00000004a7400000, 0x00000004a7400000, 0x00000004a7800000|  0%| F|  |TAMS 0x00000004a7400000| PB 0x00000004a7400000| Untracked 
| 500|0x00000004a7800000, 0x00000004a7800000, 0x00000004a7c00000|  0%| F|  |TAMS 0x00000004a7800000| PB 0x00000004a7800000| Untracked 
| 501|0x00000004a7c00000, 0x00000004a7c00000, 0x00000004a8000000|  0%| F|  |TAMS 0x00000004a7c00000| PB 0x00000004a7c00000| Untracked 
| 502|0x00000004a8000000, 0x00000004a8000000, 0x00000004a8400000|  0%| F|  |TAMS 0x00000004a8000000| PB 0x00000004a8000000| Untracked 
| 503|0x00000004a8400000, 0x00000004a8400000, 0x00000004a8800000|  0%| F|  |TAMS 0x00000004a8400000| PB 0x00000004a8400000| Untracked 
| 504|0x00000004a8800000, 0x00000004a8800000, 0x00000004a8c00000|  0%| F|  |TAMS 0x00000004a8800000| PB 0x00000004a8800000| Untracked 
| 505|0x00000004a8c00000, 0x00000004a8c00000, 0x00000004a9000000|  0%| F|  |TAMS 0x00000004a8c00000| PB 0x00000004a8c00000| Untracked 
| 506|0x00000004a9000000, 0x00000004a9000000, 0x00000004a9400000|  0%| F|  |TAMS 0x00000004a9000000| PB 0x00000004a9000000| Untracked 
| 507|0x00000004a9400000, 0x00000004a9400000, 0x00000004a9800000|  0%| F|  |TAMS 0x00000004a9400000| PB 0x00000004a9400000| Untracked 
| 508|0x00000004a9800000, 0x00000004a9800000, 0x00000004a9c00000|  0%| F|  |TAMS 0x00000004a9800000| PB 0x00000004a9800000| Untracked 
| 509|0x00000004a9c00000, 0x00000004a9c00000, 0x00000004aa000000|  0%| F|  |TAMS 0x00000004a9c00000| PB 0x00000004a9c00000| Untracked 
| 510|0x00000004aa000000, 0x00000004aa000000, 0x00000004aa400000|  0%| F|  |TAMS 0x00000004aa000000| PB 0x00000004aa000000| Untracked 
| 511|0x00000004aa400000, 0x00000004aa400000, 0x00000004aa800000|  0%| F|  |TAMS 0x00000004aa400000| PB 0x00000004aa400000| Untracked 
| 512|0x00000004aa800000, 0x00000004aa800000, 0x00000004aac00000|  0%| F|  |TAMS 0x00000004aa800000| PB 0x00000004aa800000| Untracked 
| 513|0x00000004aac00000, 0x00000004aac00000, 0x00000004ab000000|  0%| F|  |TAMS 0x00000004aac00000| PB 0x00000004aac00000| Untracked 
| 514|0x00000004ab000000, 0x00000004ab000000, 0x00000004ab400000|  0%| F|  |TAMS 0x00000004ab000000| PB 0x00000004ab000000| Untracked 
| 515|0x00000004ab400000, 0x00000004ab400000, 0x00000004ab800000|  0%| F|  |TAMS 0x00000004ab400000| PB 0x00000004ab400000| Untracked 
| 516|0x00000004ab800000, 0x00000004ab800000, 0x00000004abc00000|  0%| F|  |TAMS 0x00000004ab800000| PB 0x00000004ab800000| Untracked 
| 517|0x00000004abc00000, 0x00000004abc00000, 0x00000004ac000000|  0%| F|  |TAMS 0x00000004abc00000| PB 0x00000004abc00000| Untracked 
| 518|0x00000004ac000000, 0x00000004ac000000, 0x00000004ac400000|  0%| F|  |TAMS 0x00000004ac000000| PB 0x00000004ac000000| Untracked 
| 519|0x00000004ac400000, 0x00000004ac400000, 0x00000004ac800000|  0%| F|  |TAMS 0x00000004ac400000| PB 0x00000004ac400000| Untracked 
| 520|0x00000004ac800000, 0x00000004ac800000, 0x00000004acc00000|  0%| F|  |TAMS 0x00000004ac800000| PB 0x00000004ac800000| Untracked 
| 521|0x00000004acc00000, 0x00000004acc00000, 0x00000004ad000000|  0%| F|  |TAMS 0x00000004acc00000| PB 0x00000004acc00000| Untracked 
| 522|0x00000004ad000000, 0x00000004ad000000, 0x00000004ad400000|  0%| F|  |TAMS 0x00000004ad000000| PB 0x00000004ad000000| Untracked 
| 523|0x00000004ad400000, 0x00000004ad400000, 0x00000004ad800000|  0%| F|  |TAMS 0x00000004ad400000| PB 0x00000004ad400000| Untracked 
| 524|0x00000004ad800000, 0x00000004ad800000, 0x00000004adc00000|  0%| F|  |TAMS 0x00000004ad800000| PB 0x00000004ad800000| Untracked 
| 525|0x00000004adc00000, 0x00000004adc00000, 0x00000004ae000000|  0%| F|  |TAMS 0x00000004adc00000| PB 0x00000004adc00000| Untracked 
| 526|0x00000004ae000000, 0x00000004ae000000, 0x00000004ae400000|  0%| F|  |TAMS 0x00000004ae000000| PB 0x00000004ae000000| Untracked 
| 527|0x00000004ae400000, 0x00000004ae400000, 0x00000004ae800000|  0%| F|  |TAMS 0x00000004ae400000| PB 0x00000004ae400000| Untracked 
| 528|0x00000004ae800000, 0x00000004ae800000, 0x00000004aec00000|  0%| F|  |TAMS 0x00000004ae800000| PB 0x00000004ae800000| Untracked 
| 529|0x00000004aec00000, 0x00000004aec00000, 0x00000004af000000|  0%| F|  |TAMS 0x00000004aec00000| PB 0x00000004aec00000| Untracked 
| 530|0x00000004af000000, 0x00000004af000000, 0x00000004af400000|  0%| F|  |TAMS 0x00000004af000000| PB 0x00000004af000000| Untracked 
| 531|0x00000004af400000, 0x00000004af400000, 0x00000004af800000|  0%| F|  |TAMS 0x00000004af400000| PB 0x00000004af400000| Untracked 
| 532|0x00000004af800000, 0x00000004af800000, 0x00000004afc00000|  0%| F|  |TAMS 0x00000004af800000| PB 0x00000004af800000| Untracked 
| 533|0x00000004afc00000, 0x00000004afc00000, 0x00000004b0000000|  0%| F|  |TAMS 0x00000004afc00000| PB 0x00000004afc00000| Untracked 
| 534|0x00000004b0000000, 0x00000004b0000000, 0x00000004b0400000|  0%| F|  |TAMS 0x00000004b0000000| PB 0x00000004b0000000| Untracked 
| 535|0x00000004b0400000, 0x00000004b0400000, 0x00000004b0800000|  0%| F|  |TAMS 0x00000004b0400000| PB 0x00000004b0400000| Untracked 
| 536|0x00000004b0800000, 0x00000004b0800000, 0x00000004b0c00000|  0%| F|  |TAMS 0x00000004b0800000| PB 0x00000004b0800000| Untracked 
| 537|0x00000004b0c00000, 0x00000004b0c00000, 0x00000004b1000000|  0%| F|  |TAMS 0x00000004b0c00000| PB 0x00000004b0c00000| Untracked 
| 538|0x00000004b1000000, 0x00000004b1000000, 0x00000004b1400000|  0%| F|  |TAMS 0x00000004b1000000| PB 0x00000004b1000000| Untracked 
| 539|0x00000004b1400000, 0x00000004b1400000, 0x00000004b1800000|  0%| F|  |TAMS 0x00000004b1400000| PB 0x00000004b1400000| Untracked 
| 540|0x00000004b1800000, 0x00000004b1800000, 0x00000004b1c00000|  0%| F|  |TAMS 0x00000004b1800000| PB 0x00000004b1800000| Untracked 
| 541|0x00000004b1c00000, 0x00000004b1c00000, 0x00000004b2000000|  0%| F|  |TAMS 0x00000004b1c00000| PB 0x00000004b1c00000| Untracked 
| 542|0x00000004b2000000, 0x00000004b2000000, 0x00000004b2400000|  0%| F|  |TAMS 0x00000004b2000000| PB 0x00000004b2000000| Untracked 
| 543|0x00000004b2400000, 0x00000004b2400000, 0x00000004b2800000|  0%| F|  |TAMS 0x00000004b2400000| PB 0x00000004b2400000| Untracked 
| 544|0x00000004b2800000, 0x00000004b2800000, 0x00000004b2c00000|  0%| F|  |TAMS 0x00000004b2800000| PB 0x00000004b2800000| Untracked 
| 545|0x00000004b2c00000, 0x00000004b2c00000, 0x00000004b3000000|  0%| F|  |TAMS 0x00000004b2c00000| PB 0x00000004b2c00000| Untracked 
| 546|0x00000004b3000000, 0x00000004b3000000, 0x00000004b3400000|  0%| F|  |TAMS 0x00000004b3000000| PB 0x00000004b3000000| Untracked 
| 547|0x00000004b3400000, 0x00000004b3400000, 0x00000004b3800000|  0%| F|  |TAMS 0x00000004b3400000| PB 0x00000004b3400000| Untracked 
| 548|0x00000004b3800000, 0x00000004b3800000, 0x00000004b3c00000|  0%| F|  |TAMS 0x00000004b3800000| PB 0x00000004b3800000| Untracked 
| 549|0x00000004b3c00000, 0x00000004b3c00000, 0x00000004b4000000|  0%| F|  |TAMS 0x00000004b3c00000| PB 0x00000004b3c00000| Untracked 
| 550|0x00000004b4000000, 0x00000004b4000000, 0x00000004b4400000|  0%| F|  |TAMS 0x00000004b4000000| PB 0x00000004b4000000| Untracked 
| 551|0x00000004b4400000, 0x00000004b4400000, 0x00000004b4800000|  0%| F|  |TAMS 0x00000004b4400000| PB 0x00000004b4400000| Untracked 
| 552|0x00000004b4800000, 0x00000004b4800000, 0x00000004b4c00000|  0%| F|  |TAMS 0x00000004b4800000| PB 0x00000004b4800000| Untracked 
| 553|0x00000004b4c00000, 0x00000004b4c00000, 0x00000004b5000000|  0%| F|  |TAMS 0x00000004b4c00000| PB 0x00000004b4c00000| Untracked 
| 554|0x00000004b5000000, 0x00000004b5000000, 0x00000004b5400000|  0%| F|  |TAMS 0x00000004b5000000| PB 0x00000004b5000000| Untracked 
| 555|0x00000004b5400000, 0x00000004b5400000, 0x00000004b5800000|  0%| F|  |TAMS 0x00000004b5400000| PB 0x00000004b5400000| Untracked 
| 556|0x00000004b5800000, 0x00000004b5800000, 0x00000004b5c00000|  0%| F|  |TAMS 0x00000004b5800000| PB 0x00000004b5800000| Untracked 
| 557|0x00000004b5c00000, 0x00000004b5c00000, 0x00000004b6000000|  0%| F|  |TAMS 0x00000004b5c00000| PB 0x00000004b5c00000| Untracked 
| 558|0x00000004b6000000, 0x00000004b6000000, 0x00000004b6400000|  0%| F|  |TAMS 0x00000004b6000000| PB 0x00000004b6000000| Untracked 
| 559|0x00000004b6400000, 0x00000004b6400000, 0x00000004b6800000|  0%| F|  |TAMS 0x00000004b6400000| PB 0x00000004b6400000| Untracked 
| 560|0x00000004b6800000, 0x00000004b6800000, 0x00000004b6c00000|  0%| F|  |TAMS 0x00000004b6800000| PB 0x00000004b6800000| Untracked 
| 561|0x00000004b6c00000, 0x00000004b6c00000, 0x00000004b7000000|  0%| F|  |TAMS 0x00000004b6c00000| PB 0x00000004b6c00000| Untracked 
| 562|0x00000004b7000000, 0x00000004b7000000, 0x00000004b7400000|  0%| F|  |TAMS 0x00000004b7000000| PB 0x00000004b7000000| Untracked 
| 563|0x00000004b7400000, 0x00000004b7400000, 0x00000004b7800000|  0%| F|  |TAMS 0x00000004b7400000| PB 0x00000004b7400000| Untracked 
| 564|0x00000004b7800000, 0x00000004b7800000, 0x00000004b7c00000|  0%| F|  |TAMS 0x00000004b7800000| PB 0x00000004b7800000| Untracked 
| 565|0x00000004b7c00000, 0x00000004b7c00000, 0x00000004b8000000|  0%| F|  |TAMS 0x00000004b7c00000| PB 0x00000004b7c00000| Untracked 
| 566|0x00000004b8000000, 0x00000004b8000000, 0x00000004b8400000|  0%| F|  |TAMS 0x00000004b8000000| PB 0x00000004b8000000| Untracked 
| 567|0x00000004b8400000, 0x00000004b8400000, 0x00000004b8800000|  0%| F|  |TAMS 0x00000004b8400000| PB 0x00000004b8400000| Untracked 
| 568|0x00000004b8800000, 0x00000004b8800000, 0x00000004b8c00000|  0%| F|  |TAMS 0x00000004b8800000| PB 0x00000004b8800000| Untracked 
| 569|0x00000004b8c00000, 0x00000004b8c00000, 0x00000004b9000000|  0%| F|  |TAMS 0x00000004b8c00000| PB 0x00000004b8c00000| Untracked 
| 570|0x00000004b9000000, 0x00000004b9000000, 0x00000004b9400000|  0%| F|  |TAMS 0x00000004b9000000| PB 0x00000004b9000000| Untracked 
| 571|0x00000004b9400000, 0x00000004b9400000, 0x00000004b9800000|  0%| F|  |TAMS 0x00000004b9400000| PB 0x00000004b9400000| Untracked 
| 572|0x00000004b9800000, 0x00000004b9800000, 0x00000004b9c00000|  0%| F|  |TAMS 0x00000004b9800000| PB 0x00000004b9800000| Untracked 
| 573|0x00000004b9c00000, 0x00000004b9c00000, 0x00000004ba000000|  0%| F|  |TAMS 0x00000004b9c00000| PB 0x00000004b9c00000| Untracked 
| 574|0x00000004ba000000, 0x00000004ba000000, 0x00000004ba400000|  0%| F|  |TAMS 0x00000004ba000000| PB 0x00000004ba000000| Untracked 
| 575|0x00000004ba400000, 0x00000004ba400000, 0x00000004ba800000|  0%| F|  |TAMS 0x00000004ba400000| PB 0x00000004ba400000| Untracked 
| 576|0x00000004ba800000, 0x00000004ba800000, 0x00000004bac00000|  0%| F|  |TAMS 0x00000004ba800000| PB 0x00000004ba800000| Untracked 
| 577|0x00000004bac00000, 0x00000004bac00000, 0x00000004bb000000|  0%| F|  |TAMS 0x00000004bac00000| PB 0x00000004bac00000| Untracked 
| 578|0x00000004bb000000, 0x00000004bb000000, 0x00000004bb400000|  0%| F|  |TAMS 0x00000004bb000000| PB 0x00000004bb000000| Untracked 
| 579|0x00000004bb400000, 0x00000004bb400000, 0x00000004bb800000|  0%| F|  |TAMS 0x00000004bb400000| PB 0x00000004bb400000| Untracked 
| 580|0x00000004bb800000, 0x00000004bb800000, 0x00000004bbc00000|  0%| F|  |TAMS 0x00000004bb800000| PB 0x00000004bb800000| Untracked 
| 581|0x00000004bbc00000, 0x00000004bbc00000, 0x00000004bc000000|  0%| F|  |TAMS 0x00000004bbc00000| PB 0x00000004bbc00000| Untracked 
| 582|0x00000004bc000000, 0x00000004bc000000, 0x00000004bc400000|  0%| F|  |TAMS 0x00000004bc000000| PB 0x00000004bc000000| Untracked 
| 583|0x00000004bc400000, 0x00000004bc400000, 0x00000004bc800000|  0%| F|  |TAMS 0x00000004bc400000| PB 0x00000004bc400000| Untracked 
| 584|0x00000004bc800000, 0x00000004bc800000, 0x00000004bcc00000|  0%| F|  |TAMS 0x00000004bc800000| PB 0x00000004bc800000| Untracked 
| 585|0x00000004bcc00000, 0x00000004bcc00000, 0x00000004bd000000|  0%| F|  |TAMS 0x00000004bcc00000| PB 0x00000004bcc00000| Untracked 
| 586|0x00000004bd000000, 0x00000004bd000000, 0x00000004bd400000|  0%| F|  |TAMS 0x00000004bd000000| PB 0x00000004bd000000| Untracked 
| 587|0x00000004bd400000, 0x00000004bd400000, 0x00000004bd800000|  0%| F|  |TAMS 0x00000004bd400000| PB 0x00000004bd400000| Untracked 
| 588|0x00000004bd800000, 0x00000004bd800000, 0x00000004bdc00000|  0%| F|  |TAMS 0x00000004bd800000| PB 0x00000004bd800000| Untracked 
| 589|0x00000004bdc00000, 0x00000004bdc00000, 0x00000004be000000|  0%| F|  |TAMS 0x00000004bdc00000| PB 0x00000004bdc00000| Untracked 
| 590|0x00000004be000000, 0x00000004be000000, 0x00000004be400000|  0%| F|  |TAMS 0x00000004be000000| PB 0x00000004be000000| Untracked 
| 591|0x00000004be400000, 0x00000004be400000, 0x00000004be800000|  0%| F|  |TAMS 0x00000004be400000| PB 0x00000004be400000| Untracked 
| 592|0x00000004be800000, 0x00000004be800000, 0x00000004bec00000|  0%| F|  |TAMS 0x00000004be800000| PB 0x00000004be800000| Untracked 
| 593|0x00000004bec00000, 0x00000004bec00000, 0x00000004bf000000|  0%| F|  |TAMS 0x00000004bec00000| PB 0x00000004bec00000| Untracked 
| 594|0x00000004bf000000, 0x00000004bf000000, 0x00000004bf400000|  0%| F|  |TAMS 0x00000004bf000000| PB 0x00000004bf000000| Untracked 
| 595|0x00000004bf400000, 0x00000004bf400000, 0x00000004bf800000|  0%| F|  |TAMS 0x00000004bf400000| PB 0x00000004bf400000| Untracked 
| 596|0x00000004bf800000, 0x00000004bf800000, 0x00000004bfc00000|  0%| F|  |TAMS 0x00000004bf800000| PB 0x00000004bf800000| Untracked 
| 597|0x00000004bfc00000, 0x00000004bfc00000, 0x00000004c0000000|  0%| F|  |TAMS 0x00000004bfc00000| PB 0x00000004bfc00000| Untracked 
| 598|0x00000004c0000000, 0x00000004c0000000, 0x00000004c0400000|  0%| F|  |TAMS 0x00000004c0000000| PB 0x00000004c0000000| Untracked 
| 599|0x00000004c0400000, 0x00000004c0400000, 0x00000004c0800000|  0%| F|  |TAMS 0x00000004c0400000| PB 0x00000004c0400000| Untracked 
| 600|0x00000004c0800000, 0x00000004c0800000, 0x00000004c0c00000|  0%| F|  |TAMS 0x00000004c0800000| PB 0x00000004c0800000| Untracked 
| 601|0x00000004c0c00000, 0x00000004c0c00000, 0x00000004c1000000|  0%| F|  |TAMS 0x00000004c0c00000| PB 0x00000004c0c00000| Untracked 
| 602|0x00000004c1000000, 0x00000004c1000000, 0x00000004c1400000|  0%| F|  |TAMS 0x00000004c1000000| PB 0x00000004c1000000| Untracked 
| 603|0x00000004c1400000, 0x00000004c1400000, 0x00000004c1800000|  0%| F|  |TAMS 0x00000004c1400000| PB 0x00000004c1400000| Untracked 
| 604|0x00000004c1800000, 0x00000004c1800000, 0x00000004c1c00000|  0%| F|  |TAMS 0x00000004c1800000| PB 0x00000004c1800000| Untracked 
| 605|0x00000004c1c00000, 0x00000004c1c00000, 0x00000004c2000000|  0%| F|  |TAMS 0x00000004c1c00000| PB 0x00000004c1c00000| Untracked 
| 606|0x00000004c2000000, 0x00000004c2000000, 0x00000004c2400000|  0%| F|  |TAMS 0x00000004c2000000| PB 0x00000004c2000000| Untracked 
| 607|0x00000004c2400000, 0x00000004c2400000, 0x00000004c2800000|  0%| F|  |TAMS 0x00000004c2400000| PB 0x00000004c2400000| Untracked 
| 608|0x00000004c2800000, 0x00000004c2800000, 0x00000004c2c00000|  0%| F|  |TAMS 0x00000004c2800000| PB 0x00000004c2800000| Untracked 
| 609|0x00000004c2c00000, 0x00000004c2c00000, 0x00000004c3000000|  0%| F|  |TAMS 0x00000004c2c00000| PB 0x00000004c2c00000| Untracked 
| 610|0x00000004c3000000, 0x00000004c3000000, 0x00000004c3400000|  0%| F|  |TAMS 0x00000004c3000000| PB 0x00000004c3000000| Untracked 
| 611|0x00000004c3400000, 0x00000004c3400000, 0x00000004c3800000|  0%| F|  |TAMS 0x00000004c3400000| PB 0x00000004c3400000| Untracked 
| 612|0x00000004c3800000, 0x00000004c3800000, 0x00000004c3c00000|  0%| F|  |TAMS 0x00000004c3800000| PB 0x00000004c3800000| Untracked 
| 613|0x00000004c3c00000, 0x00000004c3c00000, 0x00000004c4000000|  0%| F|  |TAMS 0x00000004c3c00000| PB 0x00000004c3c00000| Untracked 
| 614|0x00000004c4000000, 0x00000004c4000000, 0x00000004c4400000|  0%| F|  |TAMS 0x00000004c4000000| PB 0x00000004c4000000| Untracked 
| 615|0x00000004c4400000, 0x00000004c4400000, 0x00000004c4800000|  0%| F|  |TAMS 0x00000004c4400000| PB 0x00000004c4400000| Untracked 
| 616|0x00000004c4800000, 0x00000004c4800000, 0x00000004c4c00000|  0%| F|  |TAMS 0x00000004c4800000| PB 0x00000004c4800000| Untracked 
| 617|0x00000004c4c00000, 0x00000004c4c00000, 0x00000004c5000000|  0%| F|  |TAMS 0x00000004c4c00000| PB 0x00000004c4c00000| Untracked 
| 618|0x00000004c5000000, 0x00000004c5000000, 0x00000004c5400000|  0%| F|  |TAMS 0x00000004c5000000| PB 0x00000004c5000000| Untracked 
| 619|0x00000004c5400000, 0x00000004c5400000, 0x00000004c5800000|  0%| F|  |TAMS 0x00000004c5400000| PB 0x00000004c5400000| Untracked 
| 620|0x00000004c5800000, 0x00000004c5800000, 0x00000004c5c00000|  0%| F|  |TAMS 0x00000004c5800000| PB 0x00000004c5800000| Untracked 
| 621|0x00000004c5c00000, 0x00000004c5c00000, 0x00000004c6000000|  0%| F|  |TAMS 0x00000004c5c00000| PB 0x00000004c5c00000| Untracked 
| 622|0x00000004c6000000, 0x00000004c6000000, 0x00000004c6400000|  0%| F|  |TAMS 0x00000004c6000000| PB 0x00000004c6000000| Untracked 
| 623|0x00000004c6400000, 0x00000004c6400000, 0x00000004c6800000|  0%| F|  |TAMS 0x00000004c6400000| PB 0x00000004c6400000| Untracked 
| 624|0x00000004c6800000, 0x00000004c6800000, 0x00000004c6c00000|  0%| F|  |TAMS 0x00000004c6800000| PB 0x00000004c6800000| Untracked 
| 625|0x00000004c6c00000, 0x00000004c6c00000, 0x00000004c7000000|  0%| F|  |TAMS 0x00000004c6c00000| PB 0x00000004c6c00000| Untracked 
| 626|0x00000004c7000000, 0x00000004c7000000, 0x00000004c7400000|  0%| F|  |TAMS 0x00000004c7000000| PB 0x00000004c7000000| Untracked 
| 627|0x00000004c7400000, 0x00000004c7400000, 0x00000004c7800000|  0%| F|  |TAMS 0x00000004c7400000| PB 0x00000004c7400000| Untracked 
| 628|0x00000004c7800000, 0x00000004c7800000, 0x00000004c7c00000|  0%| F|  |TAMS 0x00000004c7800000| PB 0x00000004c7800000| Untracked 
| 629|0x00000004c7c00000, 0x00000004c7c00000, 0x00000004c8000000|  0%| F|  |TAMS 0x00000004c7c00000| PB 0x00000004c7c00000| Untracked 
| 630|0x00000004c8000000, 0x00000004c8000000, 0x00000004c8400000|  0%| F|  |TAMS 0x00000004c8000000| PB 0x00000004c8000000| Untracked 
| 631|0x00000004c8400000, 0x00000004c8400000, 0x00000004c8800000|  0%| F|  |TAMS 0x00000004c8400000| PB 0x00000004c8400000| Untracked 
| 632|0x00000004c8800000, 0x00000004c8800000, 0x00000004c8c00000|  0%| F|  |TAMS 0x00000004c8800000| PB 0x00000004c8800000| Untracked 
| 633|0x00000004c8c00000, 0x00000004c8c00000, 0x00000004c9000000|  0%| F|  |TAMS 0x00000004c8c00000| PB 0x00000004c8c00000| Untracked 
| 634|0x00000004c9000000, 0x00000004c9000000, 0x00000004c9400000|  0%| F|  |TAMS 0x00000004c9000000| PB 0x00000004c9000000| Untracked 
| 635|0x00000004c9400000, 0x00000004c9400000, 0x00000004c9800000|  0%| F|  |TAMS 0x00000004c9400000| PB 0x00000004c9400000| Untracked 
| 636|0x00000004c9800000, 0x00000004c9800000, 0x00000004c9c00000|  0%| F|  |TAMS 0x00000004c9800000| PB 0x00000004c9800000| Untracked 
| 637|0x00000004c9c00000, 0x00000004c9c00000, 0x00000004ca000000|  0%| F|  |TAMS 0x00000004c9c00000| PB 0x00000004c9c00000| Untracked 
| 638|0x00000004ca000000, 0x00000004ca000000, 0x00000004ca400000|  0%| F|  |TAMS 0x00000004ca000000| PB 0x00000004ca000000| Untracked 
| 639|0x00000004ca400000, 0x00000004ca400000, 0x00000004ca800000|  0%| F|  |TAMS 0x00000004ca400000| PB 0x00000004ca400000| Untracked 
| 640|0x00000004ca800000, 0x00000004ca800000, 0x00000004cac00000|  0%| F|  |TAMS 0x00000004ca800000| PB 0x00000004ca800000| Untracked 
| 641|0x00000004cac00000, 0x00000004cac00000, 0x00000004cb000000|  0%| F|  |TAMS 0x00000004cac00000| PB 0x00000004cac00000| Untracked 
| 642|0x00000004cb000000, 0x00000004cb000000, 0x00000004cb400000|  0%| F|  |TAMS 0x00000004cb000000| PB 0x00000004cb000000| Untracked 
| 643|0x00000004cb400000, 0x00000004cb400000, 0x00000004cb800000|  0%| F|  |TAMS 0x00000004cb400000| PB 0x00000004cb400000| Untracked 
| 644|0x00000004cb800000, 0x00000004cb800000, 0x00000004cbc00000|  0%| F|  |TAMS 0x00000004cb800000| PB 0x00000004cb800000| Untracked 
| 645|0x00000004cbc00000, 0x00000004cbc00000, 0x00000004cc000000|  0%| F|  |TAMS 0x00000004cbc00000| PB 0x00000004cbc00000| Untracked 
| 646|0x00000004cc000000, 0x00000004cc000000, 0x00000004cc400000|  0%| F|  |TAMS 0x00000004cc000000| PB 0x00000004cc000000| Untracked 
| 647|0x00000004cc400000, 0x00000004cc400000, 0x00000004cc800000|  0%| F|  |TAMS 0x00000004cc400000| PB 0x00000004cc400000| Untracked 
| 648|0x00000004cc800000, 0x00000004cc800000, 0x00000004ccc00000|  0%| F|  |TAMS 0x00000004cc800000| PB 0x00000004cc800000| Untracked 
| 649|0x00000004ccc00000, 0x00000004ccc00000, 0x00000004cd000000|  0%| F|  |TAMS 0x00000004ccc00000| PB 0x00000004ccc00000| Untracked 
| 650|0x00000004cd000000, 0x00000004cd000000, 0x00000004cd400000|  0%| F|  |TAMS 0x00000004cd000000| PB 0x00000004cd000000| Untracked 
| 651|0x00000004cd400000, 0x00000004cd400000, 0x00000004cd800000|  0%| F|  |TAMS 0x00000004cd400000| PB 0x00000004cd400000| Untracked 
| 652|0x00000004cd800000, 0x00000004cd800000, 0x00000004cdc00000|  0%| F|  |TAMS 0x00000004cd800000| PB 0x00000004cd800000| Untracked 
| 653|0x00000004cdc00000, 0x00000004cdc00000, 0x00000004ce000000|  0%| F|  |TAMS 0x00000004cdc00000| PB 0x00000004cdc00000| Untracked 
| 654|0x00000004ce000000, 0x00000004ce000000, 0x00000004ce400000|  0%| F|  |TAMS 0x00000004ce000000| PB 0x00000004ce000000| Untracked 
| 655|0x00000004ce400000, 0x00000004ce400000, 0x00000004ce800000|  0%| F|  |TAMS 0x00000004ce400000| PB 0x00000004ce400000| Untracked 
| 656|0x00000004ce800000, 0x00000004ce800000, 0x00000004cec00000|  0%| F|  |TAMS 0x00000004ce800000| PB 0x00000004ce800000| Untracked 
| 657|0x00000004cec00000, 0x00000004cec00000, 0x00000004cf000000|  0%| F|  |TAMS 0x00000004cec00000| PB 0x00000004cec00000| Untracked 
| 658|0x00000004cf000000, 0x00000004cf000000, 0x00000004cf400000|  0%| F|  |TAMS 0x00000004cf000000| PB 0x00000004cf000000| Untracked 
| 659|0x00000004cf400000, 0x00000004cf400000, 0x00000004cf800000|  0%| F|  |TAMS 0x00000004cf400000| PB 0x00000004cf400000| Untracked 
| 660|0x00000004cf800000, 0x00000004cf800000, 0x00000004cfc00000|  0%| F|  |TAMS 0x00000004cf800000| PB 0x00000004cf800000| Untracked 
| 661|0x00000004cfc00000, 0x00000004cfc00000, 0x00000004d0000000|  0%| F|  |TAMS 0x00000004cfc00000| PB 0x00000004cfc00000| Untracked 
| 662|0x00000004d0000000, 0x00000004d0000000, 0x00000004d0400000|  0%| F|  |TAMS 0x00000004d0000000| PB 0x00000004d0000000| Untracked 
| 663|0x00000004d0400000, 0x00000004d0400000, 0x00000004d0800000|  0%| F|  |TAMS 0x00000004d0400000| PB 0x00000004d0400000| Untracked 
| 664|0x00000004d0800000, 0x00000004d0800000, 0x00000004d0c00000|  0%| F|  |TAMS 0x00000004d0800000| PB 0x00000004d0800000| Untracked 
| 665|0x00000004d0c00000, 0x00000004d0c00000, 0x00000004d1000000|  0%| F|  |TAMS 0x00000004d0c00000| PB 0x00000004d0c00000| Untracked 
| 666|0x00000004d1000000, 0x00000004d1000000, 0x00000004d1400000|  0%| F|  |TAMS 0x00000004d1000000| PB 0x00000004d1000000| Untracked 
| 667|0x00000004d1400000, 0x00000004d1400000, 0x00000004d1800000|  0%| F|  |TAMS 0x00000004d1400000| PB 0x00000004d1400000| Untracked 
| 668|0x00000004d1800000, 0x00000004d1800000, 0x00000004d1c00000|  0%| F|  |TAMS 0x00000004d1800000| PB 0x00000004d1800000| Untracked 
| 669|0x00000004d1c00000, 0x00000004d1c00000, 0x00000004d2000000|  0%| F|  |TAMS 0x00000004d1c00000| PB 0x00000004d1c00000| Untracked 
| 670|0x00000004d2000000, 0x00000004d2000000, 0x00000004d2400000|  0%| F|  |TAMS 0x00000004d2000000| PB 0x00000004d2000000| Untracked 
| 671|0x00000004d2400000, 0x00000004d2400000, 0x00000004d2800000|  0%| F|  |TAMS 0x00000004d2400000| PB 0x00000004d2400000| Untracked 
| 672|0x00000004d2800000, 0x00000004d2800000, 0x00000004d2c00000|  0%| F|  |TAMS 0x00000004d2800000| PB 0x00000004d2800000| Untracked 
| 673|0x00000004d2c00000, 0x00000004d2c00000, 0x00000004d3000000|  0%| F|  |TAMS 0x00000004d2c00000| PB 0x00000004d2c00000| Untracked 
| 674|0x00000004d3000000, 0x00000004d3000000, 0x00000004d3400000|  0%| F|  |TAMS 0x00000004d3000000| PB 0x00000004d3000000| Untracked 
| 675|0x00000004d3400000, 0x00000004d3400000, 0x00000004d3800000|  0%| F|  |TAMS 0x00000004d3400000| PB 0x00000004d3400000| Untracked 
| 676|0x00000004d3800000, 0x00000004d3800000, 0x00000004d3c00000|  0%| F|  |TAMS 0x00000004d3800000| PB 0x00000004d3800000| Untracked 
| 677|0x00000004d3c00000, 0x00000004d3c00000, 0x00000004d4000000|  0%| F|  |TAMS 0x00000004d3c00000| PB 0x00000004d3c00000| Untracked 
| 678|0x00000004d4000000, 0x00000004d4000000, 0x00000004d4400000|  0%| F|  |TAMS 0x00000004d4000000| PB 0x00000004d4000000| Untracked 
| 679|0x00000004d4400000, 0x00000004d4400000, 0x00000004d4800000|  0%| F|  |TAMS 0x00000004d4400000| PB 0x00000004d4400000| Untracked 
| 680|0x00000004d4800000, 0x00000004d4800000, 0x00000004d4c00000|  0%| F|  |TAMS 0x00000004d4800000| PB 0x00000004d4800000| Untracked 
| 681|0x00000004d4c00000, 0x00000004d4c00000, 0x00000004d5000000|  0%| F|  |TAMS 0x00000004d4c00000| PB 0x00000004d4c00000| Untracked 
| 682|0x00000004d5000000, 0x00000004d5000000, 0x00000004d5400000|  0%| F|  |TAMS 0x00000004d5000000| PB 0x00000004d5000000| Untracked 
| 683|0x00000004d5400000, 0x00000004d5400000, 0x00000004d5800000|  0%| F|  |TAMS 0x00000004d5400000| PB 0x00000004d5400000| Untracked 
| 684|0x00000004d5800000, 0x00000004d5800000, 0x00000004d5c00000|  0%| F|  |TAMS 0x00000004d5800000| PB 0x00000004d5800000| Untracked 
| 685|0x00000004d5c00000, 0x00000004d5c00000, 0x00000004d6000000|  0%| F|  |TAMS 0x00000004d5c00000| PB 0x00000004d5c00000| Untracked 
| 686|0x00000004d6000000, 0x00000004d6000000, 0x00000004d6400000|  0%| F|  |TAMS 0x00000004d6000000| PB 0x00000004d6000000| Untracked 
| 687|0x00000004d6400000, 0x00000004d6400000, 0x00000004d6800000|  0%| F|  |TAMS 0x00000004d6400000| PB 0x00000004d6400000| Untracked 
| 688|0x00000004d6800000, 0x00000004d6800000, 0x00000004d6c00000|  0%| F|  |TAMS 0x00000004d6800000| PB 0x00000004d6800000| Untracked 
| 689|0x00000004d6c00000, 0x00000004d6c00000, 0x00000004d7000000|  0%| F|  |TAMS 0x00000004d6c00000| PB 0x00000004d6c00000| Untracked 
| 690|0x00000004d7000000, 0x00000004d7000000, 0x00000004d7400000|  0%| F|  |TAMS 0x00000004d7000000| PB 0x00000004d7000000| Untracked 
| 691|0x00000004d7400000, 0x00000004d7400000, 0x00000004d7800000|  0%| F|  |TAMS 0x00000004d7400000| PB 0x00000004d7400000| Untracked 
| 692|0x00000004d7800000, 0x00000004d7800000, 0x00000004d7c00000|  0%| F|  |TAMS 0x00000004d7800000| PB 0x00000004d7800000| Untracked 
| 693|0x00000004d7c00000, 0x00000004d7c00000, 0x00000004d8000000|  0%| F|  |TAMS 0x00000004d7c00000| PB 0x00000004d7c00000| Untracked 
| 694|0x00000004d8000000, 0x00000004d8000000, 0x00000004d8400000|  0%| F|  |TAMS 0x00000004d8000000| PB 0x00000004d8000000| Untracked 
| 695|0x00000004d8400000, 0x00000004d8400000, 0x00000004d8800000|  0%| F|  |TAMS 0x00000004d8400000| PB 0x00000004d8400000| Untracked 
| 696|0x00000004d8800000, 0x00000004d8800000, 0x00000004d8c00000|  0%| F|  |TAMS 0x00000004d8800000| PB 0x00000004d8800000| Untracked 
| 697|0x00000004d8c00000, 0x00000004d8c00000, 0x00000004d9000000|  0%| F|  |TAMS 0x00000004d8c00000| PB 0x00000004d8c00000| Untracked 
| 698|0x00000004d9000000, 0x00000004d9000000, 0x00000004d9400000|  0%| F|  |TAMS 0x00000004d9000000| PB 0x00000004d9000000| Untracked 
| 699|0x00000004d9400000, 0x00000004d9400000, 0x00000004d9800000|  0%| F|  |TAMS 0x00000004d9400000| PB 0x00000004d9400000| Untracked 
| 700|0x00000004d9800000, 0x00000004d9800000, 0x00000004d9c00000|  0%| F|  |TAMS 0x00000004d9800000| PB 0x00000004d9800000| Untracked 
| 701|0x00000004d9c00000, 0x00000004d9c00000, 0x00000004da000000|  0%| F|  |TAMS 0x00000004d9c00000| PB 0x00000004d9c00000| Untracked 
| 702|0x00000004da000000, 0x00000004da000000, 0x00000004da400000|  0%| F|  |TAMS 0x00000004da000000| PB 0x00000004da000000| Untracked 
| 703|0x00000004da400000, 0x00000004da400000, 0x00000004da800000|  0%| F|  |TAMS 0x00000004da400000| PB 0x00000004da400000| Untracked 
| 704|0x00000004da800000, 0x00000004da800000, 0x00000004dac00000|  0%| F|  |TAMS 0x00000004da800000| PB 0x00000004da800000| Untracked 
| 705|0x00000004dac00000, 0x00000004dac00000, 0x00000004db000000|  0%| F|  |TAMS 0x00000004dac00000| PB 0x00000004dac00000| Untracked 
| 706|0x00000004db000000, 0x00000004db000000, 0x00000004db400000|  0%| F|  |TAMS 0x00000004db000000| PB 0x00000004db000000| Untracked 
| 707|0x00000004db400000, 0x00000004db400000, 0x00000004db800000|  0%| F|  |TAMS 0x00000004db400000| PB 0x00000004db400000| Untracked 
| 708|0x00000004db800000, 0x00000004db800000, 0x00000004dbc00000|  0%| F|  |TAMS 0x00000004db800000| PB 0x00000004db800000| Untracked 
| 709|0x00000004dbc00000, 0x00000004dbc00000, 0x00000004dc000000|  0%| F|  |TAMS 0x00000004dbc00000| PB 0x00000004dbc00000| Untracked 
| 710|0x00000004dc000000, 0x00000004dc000000, 0x00000004dc400000|  0%| F|  |TAMS 0x00000004dc000000| PB 0x00000004dc000000| Untracked 
| 711|0x00000004dc400000, 0x00000004dc400000, 0x00000004dc800000|  0%| F|  |TAMS 0x00000004dc400000| PB 0x00000004dc400000| Untracked 
| 712|0x00000004dc800000, 0x00000004dc800000, 0x00000004dcc00000|  0%| F|  |TAMS 0x00000004dc800000| PB 0x00000004dc800000| Untracked 
| 713|0x00000004dcc00000, 0x00000004dcc00000, 0x00000004dd000000|  0%| F|  |TAMS 0x00000004dcc00000| PB 0x00000004dcc00000| Untracked 
| 714|0x00000004dd000000, 0x00000004dd000000, 0x00000004dd400000|  0%| F|  |TAMS 0x00000004dd000000| PB 0x00000004dd000000| Untracked 
| 715|0x00000004dd400000, 0x00000004dd400000, 0x00000004dd800000|  0%| F|  |TAMS 0x00000004dd400000| PB 0x00000004dd400000| Untracked 
| 716|0x00000004dd800000, 0x00000004dd800000, 0x00000004ddc00000|  0%| F|  |TAMS 0x00000004dd800000| PB 0x00000004dd800000| Untracked 
| 717|0x00000004ddc00000, 0x00000004ddc00000, 0x00000004de000000|  0%| F|  |TAMS 0x00000004ddc00000| PB 0x00000004ddc00000| Untracked 
| 718|0x00000004de000000, 0x00000004de000000, 0x00000004de400000|  0%| F|  |TAMS 0x00000004de000000| PB 0x00000004de000000| Untracked 
| 719|0x00000004de400000, 0x00000004de400000, 0x00000004de800000|  0%| F|  |TAMS 0x00000004de400000| PB 0x00000004de400000| Untracked 
| 720|0x00000004de800000, 0x00000004de800000, 0x00000004dec00000|  0%| F|  |TAMS 0x00000004de800000| PB 0x00000004de800000| Untracked 
| 721|0x00000004dec00000, 0x00000004dec00000, 0x00000004df000000|  0%| F|  |TAMS 0x00000004dec00000| PB 0x00000004dec00000| Untracked 
| 722|0x00000004df000000, 0x00000004df000000, 0x00000004df400000|  0%| F|  |TAMS 0x00000004df000000| PB 0x00000004df000000| Untracked 
| 723|0x00000004df400000, 0x00000004df400000, 0x00000004df800000|  0%| F|  |TAMS 0x00000004df400000| PB 0x00000004df400000| Untracked 
| 724|0x00000004df800000, 0x00000004df800000, 0x00000004dfc00000|  0%| F|  |TAMS 0x00000004df800000| PB 0x00000004df800000| Untracked 
| 725|0x00000004dfc00000, 0x00000004dfc00000, 0x00000004e0000000|  0%| F|  |TAMS 0x00000004dfc00000| PB 0x00000004dfc00000| Untracked 
| 726|0x00000004e0000000, 0x00000004e0000000, 0x00000004e0400000|  0%| F|  |TAMS 0x00000004e0000000| PB 0x00000004e0000000| Untracked 
| 727|0x00000004e0400000, 0x00000004e0400000, 0x00000004e0800000|  0%| F|  |TAMS 0x00000004e0400000| PB 0x00000004e0400000| Untracked 
| 728|0x00000004e0800000, 0x00000004e0800000, 0x00000004e0c00000|  0%| F|  |TAMS 0x00000004e0800000| PB 0x00000004e0800000| Untracked 
| 729|0x00000004e0c00000, 0x00000004e0c00000, 0x00000004e1000000|  0%| F|  |TAMS 0x00000004e0c00000| PB 0x00000004e0c00000| Untracked 
| 730|0x00000004e1000000, 0x00000004e1000000, 0x00000004e1400000|  0%| F|  |TAMS 0x00000004e1000000| PB 0x00000004e1000000| Untracked 
| 731|0x00000004e1400000, 0x00000004e1400000, 0x00000004e1800000|  0%| F|  |TAMS 0x00000004e1400000| PB 0x00000004e1400000| Untracked 
| 732|0x00000004e1800000, 0x00000004e1800000, 0x00000004e1c00000|  0%| F|  |TAMS 0x00000004e1800000| PB 0x00000004e1800000| Untracked 
| 733|0x00000004e1c00000, 0x00000004e1c00000, 0x00000004e2000000|  0%| F|  |TAMS 0x00000004e1c00000| PB 0x00000004e1c00000| Untracked 
| 734|0x00000004e2000000, 0x00000004e2000000, 0x00000004e2400000|  0%| F|  |TAMS 0x00000004e2000000| PB 0x00000004e2000000| Untracked 
| 735|0x00000004e2400000, 0x00000004e2400000, 0x00000004e2800000|  0%| F|  |TAMS 0x00000004e2400000| PB 0x00000004e2400000| Untracked 
| 736|0x00000004e2800000, 0x00000004e2800000, 0x00000004e2c00000|  0%| F|  |TAMS 0x00000004e2800000| PB 0x00000004e2800000| Untracked 
| 737|0x00000004e2c00000, 0x00000004e2c00000, 0x00000004e3000000|  0%| F|  |TAMS 0x00000004e2c00000| PB 0x00000004e2c00000| Untracked 
| 738|0x00000004e3000000, 0x00000004e3000000, 0x00000004e3400000|  0%| F|  |TAMS 0x00000004e3000000| PB 0x00000004e3000000| Untracked 
| 739|0x00000004e3400000, 0x00000004e3400000, 0x00000004e3800000|  0%| F|  |TAMS 0x00000004e3400000| PB 0x00000004e3400000| Untracked 
| 740|0x00000004e3800000, 0x00000004e3800000, 0x00000004e3c00000|  0%| F|  |TAMS 0x00000004e3800000| PB 0x00000004e3800000| Untracked 
| 741|0x00000004e3c00000, 0x00000004e3c00000, 0x00000004e4000000|  0%| F|  |TAMS 0x00000004e3c00000| PB 0x00000004e3c00000| Untracked 
| 742|0x00000004e4000000, 0x00000004e4000000, 0x00000004e4400000|  0%| F|  |TAMS 0x00000004e4000000| PB 0x00000004e4000000| Untracked 
| 743|0x00000004e4400000, 0x00000004e4400000, 0x00000004e4800000|  0%| F|  |TAMS 0x00000004e4400000| PB 0x00000004e4400000| Untracked 
| 744|0x00000004e4800000, 0x00000004e4800000, 0x00000004e4c00000|  0%| F|  |TAMS 0x00000004e4800000| PB 0x00000004e4800000| Untracked 
| 745|0x00000004e4c00000, 0x00000004e4c00000, 0x00000004e5000000|  0%| F|  |TAMS 0x00000004e4c00000| PB 0x00000004e4c00000| Untracked 
| 746|0x00000004e5000000, 0x00000004e5000000, 0x00000004e5400000|  0%| F|  |TAMS 0x00000004e5000000| PB 0x00000004e5000000| Untracked 
| 747|0x00000004e5400000, 0x00000004e5400000, 0x00000004e5800000|  0%| F|  |TAMS 0x00000004e5400000| PB 0x00000004e5400000| Untracked 
| 748|0x00000004e5800000, 0x00000004e5800000, 0x00000004e5c00000|  0%| F|  |TAMS 0x00000004e5800000| PB 0x00000004e5800000| Untracked 
| 749|0x00000004e5c00000, 0x00000004e5c00000, 0x00000004e6000000|  0%| F|  |TAMS 0x00000004e5c00000| PB 0x00000004e5c00000| Untracked 
| 750|0x00000004e6000000, 0x00000004e6000000, 0x00000004e6400000|  0%| F|  |TAMS 0x00000004e6000000| PB 0x00000004e6000000| Untracked 
| 751|0x00000004e6400000, 0x00000004e6400000, 0x00000004e6800000|  0%| F|  |TAMS 0x00000004e6400000| PB 0x00000004e6400000| Untracked 
| 752|0x00000004e6800000, 0x00000004e6800000, 0x00000004e6c00000|  0%| F|  |TAMS 0x00000004e6800000| PB 0x00000004e6800000| Untracked 
| 753|0x00000004e6c00000, 0x00000004e6c00000, 0x00000004e7000000|  0%| F|  |TAMS 0x00000004e6c00000| PB 0x00000004e6c00000| Untracked 
| 754|0x00000004e7000000, 0x00000004e7000000, 0x00000004e7400000|  0%| F|  |TAMS 0x00000004e7000000| PB 0x00000004e7000000| Untracked 
| 755|0x00000004e7400000, 0x00000004e7400000, 0x00000004e7800000|  0%| F|  |TAMS 0x00000004e7400000| PB 0x00000004e7400000| Untracked 
| 756|0x00000004e7800000, 0x00000004e7800000, 0x00000004e7c00000|  0%| F|  |TAMS 0x00000004e7800000| PB 0x00000004e7800000| Untracked 
| 757|0x00000004e7c00000, 0x00000004e7c00000, 0x00000004e8000000|  0%| F|  |TAMS 0x00000004e7c00000| PB 0x00000004e7c00000| Untracked 
| 758|0x00000004e8000000, 0x00000004e8000000, 0x00000004e8400000|  0%| F|  |TAMS 0x00000004e8000000| PB 0x00000004e8000000| Untracked 
| 759|0x00000004e8400000, 0x00000004e8400000, 0x00000004e8800000|  0%| F|  |TAMS 0x00000004e8400000| PB 0x00000004e8400000| Untracked 
| 760|0x00000004e8800000, 0x00000004e8800000, 0x00000004e8c00000|  0%| F|  |TAMS 0x00000004e8800000| PB 0x00000004e8800000| Untracked 
| 761|0x00000004e8c00000, 0x00000004e8c00000, 0x00000004e9000000|  0%| F|  |TAMS 0x00000004e8c00000| PB 0x00000004e8c00000| Untracked 
| 762|0x00000004e9000000, 0x00000004e9000000, 0x00000004e9400000|  0%| F|  |TAMS 0x00000004e9000000| PB 0x00000004e9000000| Untracked 
| 763|0x00000004e9400000, 0x00000004e9400000, 0x00000004e9800000|  0%| F|  |TAMS 0x00000004e9400000| PB 0x00000004e9400000| Untracked 
| 764|0x00000004e9800000, 0x00000004e9800000, 0x00000004e9c00000|  0%| F|  |TAMS 0x00000004e9800000| PB 0x00000004e9800000| Untracked 
| 765|0x00000004e9c00000, 0x00000004e9c00000, 0x00000004ea000000|  0%| F|  |TAMS 0x00000004e9c00000| PB 0x00000004e9c00000| Untracked 
| 766|0x00000004ea000000, 0x00000004ea000000, 0x00000004ea400000|  0%| F|  |TAMS 0x00000004ea000000| PB 0x00000004ea000000| Untracked 
| 767|0x00000004ea400000, 0x00000004ea400000, 0x00000004ea800000|  0%| F|  |TAMS 0x00000004ea400000| PB 0x00000004ea400000| Untracked 
| 768|0x00000004ea800000, 0x00000004ea800000, 0x00000004eac00000|  0%| F|  |TAMS 0x00000004ea800000| PB 0x00000004ea800000| Untracked 
| 769|0x00000004eac00000, 0x00000004eac00000, 0x00000004eb000000|  0%| F|  |TAMS 0x00000004eac00000| PB 0x00000004eac00000| Untracked 
| 770|0x00000004eb000000, 0x00000004eb000000, 0x00000004eb400000|  0%| F|  |TAMS 0x00000004eb000000| PB 0x00000004eb000000| Untracked 
| 771|0x00000004eb400000, 0x00000004eb400000, 0x00000004eb800000|  0%| F|  |TAMS 0x00000004eb400000| PB 0x00000004eb400000| Untracked 
| 772|0x00000004eb800000, 0x00000004eb800000, 0x00000004ebc00000|  0%| F|  |TAMS 0x00000004eb800000| PB 0x00000004eb800000| Untracked 
| 773|0x00000004ebc00000, 0x00000004ebc00000, 0x00000004ec000000|  0%| F|  |TAMS 0x00000004ebc00000| PB 0x00000004ebc00000| Untracked 
| 774|0x00000004ec000000, 0x00000004ec000000, 0x00000004ec400000|  0%| F|  |TAMS 0x00000004ec000000| PB 0x00000004ec000000| Untracked 
| 775|0x00000004ec400000, 0x00000004ec400000, 0x00000004ec800000|  0%| F|  |TAMS 0x00000004ec400000| PB 0x00000004ec400000| Untracked 
| 776|0x00000004ec800000, 0x00000004ec800000, 0x00000004ecc00000|  0%| F|  |TAMS 0x00000004ec800000| PB 0x00000004ec800000| Untracked 
| 777|0x00000004ecc00000, 0x00000004ecc00000, 0x00000004ed000000|  0%| F|  |TAMS 0x00000004ecc00000| PB 0x00000004ecc00000| Untracked 
| 778|0x00000004ed000000, 0x00000004ed000000, 0x00000004ed400000|  0%| F|  |TAMS 0x00000004ed000000| PB 0x00000004ed000000| Untracked 
| 779|0x00000004ed400000, 0x00000004ed400000, 0x00000004ed800000|  0%| F|  |TAMS 0x00000004ed400000| PB 0x00000004ed400000| Untracked 
| 780|0x00000004ed800000, 0x00000004ed800000, 0x00000004edc00000|  0%| F|  |TAMS 0x00000004ed800000| PB 0x00000004ed800000| Untracked 
| 781|0x00000004edc00000, 0x00000004edc00000, 0x00000004ee000000|  0%| F|  |TAMS 0x00000004edc00000| PB 0x00000004edc00000| Untracked 
| 782|0x00000004ee000000, 0x00000004ee000000, 0x00000004ee400000|  0%| F|  |TAMS 0x00000004ee000000| PB 0x00000004ee000000| Untracked 
| 783|0x00000004ee400000, 0x00000004ee400000, 0x00000004ee800000|  0%| F|  |TAMS 0x00000004ee400000| PB 0x00000004ee400000| Untracked 
| 784|0x00000004ee800000, 0x00000004ee800000, 0x00000004eec00000|  0%| F|  |TAMS 0x00000004ee800000| PB 0x00000004ee800000| Untracked 
| 785|0x00000004eec00000, 0x00000004eec00000, 0x00000004ef000000|  0%| F|  |TAMS 0x00000004eec00000| PB 0x00000004eec00000| Untracked 
| 786|0x00000004ef000000, 0x00000004ef000000, 0x00000004ef400000|  0%| F|  |TAMS 0x00000004ef000000| PB 0x00000004ef000000| Untracked 
| 787|0x00000004ef400000, 0x00000004ef400000, 0x00000004ef800000|  0%| F|  |TAMS 0x00000004ef400000| PB 0x00000004ef400000| Untracked 
| 788|0x00000004ef800000, 0x00000004ef800000, 0x00000004efc00000|  0%| F|  |TAMS 0x00000004ef800000| PB 0x00000004ef800000| Untracked 
| 789|0x00000004efc00000, 0x00000004efc00000, 0x00000004f0000000|  0%| F|  |TAMS 0x00000004efc00000| PB 0x00000004efc00000| Untracked 
| 790|0x00000004f0000000, 0x00000004f0000000, 0x00000004f0400000|  0%| F|  |TAMS 0x00000004f0000000| PB 0x00000004f0000000| Untracked 
| 791|0x00000004f0400000, 0x00000004f0400000, 0x00000004f0800000|  0%| F|  |TAMS 0x00000004f0400000| PB 0x00000004f0400000| Untracked 
| 792|0x00000004f0800000, 0x00000004f0800000, 0x00000004f0c00000|  0%| F|  |TAMS 0x00000004f0800000| PB 0x00000004f0800000| Untracked 
| 793|0x00000004f0c00000, 0x00000004f0c00000, 0x00000004f1000000|  0%| F|  |TAMS 0x00000004f0c00000| PB 0x00000004f0c00000| Untracked 
| 794|0x00000004f1000000, 0x00000004f1000000, 0x00000004f1400000|  0%| F|  |TAMS 0x00000004f1000000| PB 0x00000004f1000000| Untracked 
| 795|0x00000004f1400000, 0x00000004f1400000, 0x00000004f1800000|  0%| F|  |TAMS 0x00000004f1400000| PB 0x00000004f1400000| Untracked 
| 796|0x00000004f1800000, 0x00000004f1800000, 0x00000004f1c00000|  0%| F|  |TAMS 0x00000004f1800000| PB 0x00000004f1800000| Untracked 
| 797|0x00000004f1c00000, 0x00000004f1c00000, 0x00000004f2000000|  0%| F|  |TAMS 0x00000004f1c00000| PB 0x00000004f1c00000| Untracked 
| 798|0x00000004f2000000, 0x00000004f2000000, 0x00000004f2400000|  0%| F|  |TAMS 0x00000004f2000000| PB 0x00000004f2000000| Untracked 
| 799|0x00000004f2400000, 0x00000004f2400000, 0x00000004f2800000|  0%| F|  |TAMS 0x00000004f2400000| PB 0x00000004f2400000| Untracked 
| 800|0x00000004f2800000, 0x00000004f2800000, 0x00000004f2c00000|  0%| F|  |TAMS 0x00000004f2800000| PB 0x00000004f2800000| Untracked 
| 801|0x00000004f2c00000, 0x00000004f2c00000, 0x00000004f3000000|  0%| F|  |TAMS 0x00000004f2c00000| PB 0x00000004f2c00000| Untracked 
| 802|0x00000004f3000000, 0x00000004f3000000, 0x00000004f3400000|  0%| F|  |TAMS 0x00000004f3000000| PB 0x00000004f3000000| Untracked 
| 803|0x00000004f3400000, 0x00000004f3400000, 0x00000004f3800000|  0%| F|  |TAMS 0x00000004f3400000| PB 0x00000004f3400000| Untracked 
| 804|0x00000004f3800000, 0x00000004f3800000, 0x00000004f3c00000|  0%| F|  |TAMS 0x00000004f3800000| PB 0x00000004f3800000| Untracked 
| 805|0x00000004f3c00000, 0x00000004f3c00000, 0x00000004f4000000|  0%| F|  |TAMS 0x00000004f3c00000| PB 0x00000004f3c00000| Untracked 
| 806|0x00000004f4000000, 0x00000004f4000000, 0x00000004f4400000|  0%| F|  |TAMS 0x00000004f4000000| PB 0x00000004f4000000| Untracked 
| 807|0x00000004f4400000, 0x00000004f4400000, 0x00000004f4800000|  0%| F|  |TAMS 0x00000004f4400000| PB 0x00000004f4400000| Untracked 
| 808|0x00000004f4800000, 0x00000004f4800000, 0x00000004f4c00000|  0%| F|  |TAMS 0x00000004f4800000| PB 0x00000004f4800000| Untracked 
| 809|0x00000004f4c00000, 0x00000004f4c00000, 0x00000004f5000000|  0%| F|  |TAMS 0x00000004f4c00000| PB 0x00000004f4c00000| Untracked 
| 810|0x00000004f5000000, 0x00000004f5000000, 0x00000004f5400000|  0%| F|  |TAMS 0x00000004f5000000| PB 0x00000004f5000000| Untracked 
| 811|0x00000004f5400000, 0x00000004f5400000, 0x00000004f5800000|  0%| F|  |TAMS 0x00000004f5400000| PB 0x00000004f5400000| Untracked 
| 812|0x00000004f5800000, 0x00000004f5800000, 0x00000004f5c00000|  0%| F|  |TAMS 0x00000004f5800000| PB 0x00000004f5800000| Untracked 
| 813|0x00000004f5c00000, 0x00000004f5c00000, 0x00000004f6000000|  0%| F|  |TAMS 0x00000004f5c00000| PB 0x00000004f5c00000| Untracked 
| 814|0x00000004f6000000, 0x00000004f6000000, 0x00000004f6400000|  0%| F|  |TAMS 0x00000004f6000000| PB 0x00000004f6000000| Untracked 
| 815|0x00000004f6400000, 0x00000004f6400000, 0x00000004f6800000|  0%| F|  |TAMS 0x00000004f6400000| PB 0x00000004f6400000| Untracked 
| 816|0x00000004f6800000, 0x00000004f6800000, 0x00000004f6c00000|  0%| F|  |TAMS 0x00000004f6800000| PB 0x00000004f6800000| Untracked 
| 817|0x00000004f6c00000, 0x00000004f6c00000, 0x00000004f7000000|  0%| F|  |TAMS 0x00000004f6c00000| PB 0x00000004f6c00000| Untracked 
| 818|0x00000004f7000000, 0x00000004f7000000, 0x00000004f7400000|  0%| F|  |TAMS 0x00000004f7000000| PB 0x00000004f7000000| Untracked 
| 819|0x00000004f7400000, 0x00000004f7400000, 0x00000004f7800000|  0%| F|  |TAMS 0x00000004f7400000| PB 0x00000004f7400000| Untracked 
| 820|0x00000004f7800000, 0x00000004f7800000, 0x00000004f7c00000|  0%| F|  |TAMS 0x00000004f7800000| PB 0x00000004f7800000| Untracked 
| 821|0x00000004f7c00000, 0x00000004f7c00000, 0x00000004f8000000|  0%| F|  |TAMS 0x00000004f7c00000| PB 0x00000004f7c00000| Untracked 
| 822|0x00000004f8000000, 0x00000004f8000000, 0x00000004f8400000|  0%| F|  |TAMS 0x00000004f8000000| PB 0x00000004f8000000| Untracked 
| 823|0x00000004f8400000, 0x00000004f8400000, 0x00000004f8800000|  0%| F|  |TAMS 0x00000004f8400000| PB 0x00000004f8400000| Untracked 
| 824|0x00000004f8800000, 0x00000004f8800000, 0x00000004f8c00000|  0%| F|  |TAMS 0x00000004f8800000| PB 0x00000004f8800000| Untracked 
| 825|0x00000004f8c00000, 0x00000004f8c00000, 0x00000004f9000000|  0%| F|  |TAMS 0x00000004f8c00000| PB 0x00000004f8c00000| Untracked 
| 826|0x00000004f9000000, 0x00000004f9000000, 0x00000004f9400000|  0%| F|  |TAMS 0x00000004f9000000| PB 0x00000004f9000000| Untracked 
| 827|0x00000004f9400000, 0x00000004f9400000, 0x00000004f9800000|  0%| F|  |TAMS 0x00000004f9400000| PB 0x00000004f9400000| Untracked 
| 828|0x00000004f9800000, 0x00000004f9800000, 0x00000004f9c00000|  0%| F|  |TAMS 0x00000004f9800000| PB 0x00000004f9800000| Untracked 
| 829|0x00000004f9c00000, 0x00000004f9c00000, 0x00000004fa000000|  0%| F|  |TAMS 0x00000004f9c00000| PB 0x00000004f9c00000| Untracked 
| 830|0x00000004fa000000, 0x00000004fa000000, 0x00000004fa400000|  0%| F|  |TAMS 0x00000004fa000000| PB 0x00000004fa000000| Untracked 
| 831|0x00000004fa400000, 0x00000004fa400000, 0x00000004fa800000|  0%| F|  |TAMS 0x00000004fa400000| PB 0x00000004fa400000| Untracked 
| 832|0x00000004fa800000, 0x00000004fa800000, 0x00000004fac00000|  0%| F|  |TAMS 0x00000004fa800000| PB 0x00000004fa800000| Untracked 
| 833|0x00000004fac00000, 0x00000004fac00000, 0x00000004fb000000|  0%| F|  |TAMS 0x00000004fac00000| PB 0x00000004fac00000| Untracked 
| 834|0x00000004fb000000, 0x00000004fb000000, 0x00000004fb400000|  0%| F|  |TAMS 0x00000004fb000000| PB 0x00000004fb000000| Untracked 
| 835|0x00000004fb400000, 0x00000004fb400000, 0x00000004fb800000|  0%| F|  |TAMS 0x00000004fb400000| PB 0x00000004fb400000| Untracked 
| 836|0x00000004fb800000, 0x00000004fb800000, 0x00000004fbc00000|  0%| F|  |TAMS 0x00000004fb800000| PB 0x00000004fb800000| Untracked 
| 837|0x00000004fbc00000, 0x00000004fbc00000, 0x00000004fc000000|  0%| F|  |TAMS 0x00000004fbc00000| PB 0x00000004fbc00000| Untracked 
| 838|0x00000004fc000000, 0x00000004fc000000, 0x00000004fc400000|  0%| F|  |TAMS 0x00000004fc000000| PB 0x00000004fc000000| Untracked 
| 839|0x00000004fc400000, 0x00000004fc400000, 0x00000004fc800000|  0%| F|  |TAMS 0x00000004fc400000| PB 0x00000004fc400000| Untracked 
| 840|0x00000004fc800000, 0x00000004fc800000, 0x00000004fcc00000|  0%| F|  |TAMS 0x00000004fc800000| PB 0x00000004fc800000| Untracked 
| 841|0x00000004fcc00000, 0x00000004fcc00000, 0x00000004fd000000|  0%| F|  |TAMS 0x00000004fcc00000| PB 0x00000004fcc00000| Untracked 
| 842|0x00000004fd000000, 0x00000004fd000000, 0x00000004fd400000|  0%| F|  |TAMS 0x00000004fd000000| PB 0x00000004fd000000| Untracked 
| 843|0x00000004fd400000, 0x00000004fd400000, 0x00000004fd800000|  0%| F|  |TAMS 0x00000004fd400000| PB 0x00000004fd400000| Untracked 
| 844|0x00000004fd800000, 0x00000004fd800000, 0x00000004fdc00000|  0%| F|  |TAMS 0x00000004fd800000| PB 0x00000004fd800000| Untracked 
| 845|0x00000004fdc00000, 0x00000004fdc00000, 0x00000004fe000000|  0%| F|  |TAMS 0x00000004fdc00000| PB 0x00000004fdc00000| Untracked 
| 846|0x00000004fe000000, 0x00000004fe000000, 0x00000004fe400000|  0%| F|  |TAMS 0x00000004fe000000| PB 0x00000004fe000000| Untracked 
| 847|0x00000004fe400000, 0x00000004fe400000, 0x00000004fe800000|  0%| F|  |TAMS 0x00000004fe400000| PB 0x00000004fe400000| Untracked 
| 848|0x00000004fe800000, 0x00000004fe800000, 0x00000004fec00000|  0%| F|  |TAMS 0x00000004fe800000| PB 0x00000004fe800000| Untracked 
| 849|0x00000004fec00000, 0x00000004fec00000, 0x00000004ff000000|  0%| F|  |TAMS 0x00000004fec00000| PB 0x00000004fec00000| Untracked 
| 850|0x00000004ff000000, 0x00000004ff000000, 0x00000004ff400000|  0%| F|  |TAMS 0x00000004ff000000| PB 0x00000004ff000000| Untracked 
| 851|0x00000004ff400000, 0x00000004ff400000, 0x00000004ff800000|  0%| F|  |TAMS 0x00000004ff400000| PB 0x00000004ff400000| Untracked 
| 852|0x00000004ff800000, 0x00000004ff800000, 0x00000004ffc00000|  0%| F|  |TAMS 0x00000004ff800000| PB 0x00000004ff800000| Untracked 
| 853|0x00000004ffc00000, 0x00000004ffc00000, 0x0000000500000000|  0%| F|  |TAMS 0x00000004ffc00000| PB 0x00000004ffc00000| Untracked 
| 854|0x0000000500000000, 0x0000000500000000, 0x0000000500400000|  0%| F|  |TAMS 0x0000000500000000| PB 0x0000000500000000| Untracked 
| 855|0x0000000500400000, 0x0000000500400000, 0x0000000500800000|  0%| F|  |TAMS 0x0000000500400000| PB 0x0000000500400000| Untracked 
| 856|0x0000000500800000, 0x0000000500800000, 0x0000000500c00000|  0%| F|  |TAMS 0x0000000500800000| PB 0x0000000500800000| Untracked 
| 857|0x0000000500c00000, 0x0000000500c00000, 0x0000000501000000|  0%| F|  |TAMS 0x0000000500c00000| PB 0x0000000500c00000| Untracked 
| 858|0x0000000501000000, 0x0000000501000000, 0x0000000501400000|  0%| F|  |TAMS 0x0000000501000000| PB 0x0000000501000000| Untracked 
| 859|0x0000000501400000, 0x0000000501400000, 0x0000000501800000|  0%| F|  |TAMS 0x0000000501400000| PB 0x0000000501400000| Untracked 
| 860|0x0000000501800000, 0x0000000501800000, 0x0000000501c00000|  0%| F|  |TAMS 0x0000000501800000| PB 0x0000000501800000| Untracked 
| 861|0x0000000501c00000, 0x0000000501c00000, 0x0000000502000000|  0%| F|  |TAMS 0x0000000501c00000| PB 0x0000000501c00000| Untracked 
| 862|0x0000000502000000, 0x0000000502000000, 0x0000000502400000|  0%| F|  |TAMS 0x0000000502000000| PB 0x0000000502000000| Untracked 
| 863|0x0000000502400000, 0x0000000502400000, 0x0000000502800000|  0%| F|  |TAMS 0x0000000502400000| PB 0x0000000502400000| Untracked 
| 864|0x0000000502800000, 0x0000000502800000, 0x0000000502c00000|  0%| F|  |TAMS 0x0000000502800000| PB 0x0000000502800000| Untracked 
| 865|0x0000000502c00000, 0x0000000502c00000, 0x0000000503000000|  0%| F|  |TAMS 0x0000000502c00000| PB 0x0000000502c00000| Untracked 
| 866|0x0000000503000000, 0x0000000503000000, 0x0000000503400000|  0%| F|  |TAMS 0x0000000503000000| PB 0x0000000503000000| Untracked 
| 867|0x0000000503400000, 0x0000000503400000, 0x0000000503800000|  0%| F|  |TAMS 0x0000000503400000| PB 0x0000000503400000| Untracked 
| 868|0x0000000503800000, 0x0000000503800000, 0x0000000503c00000|  0%| F|  |TAMS 0x0000000503800000| PB 0x0000000503800000| Untracked 
| 869|0x0000000503c00000, 0x0000000503c00000, 0x0000000504000000|  0%| F|  |TAMS 0x0000000503c00000| PB 0x0000000503c00000| Untracked 
| 870|0x0000000504000000, 0x0000000504000000, 0x0000000504400000|  0%| F|  |TAMS 0x0000000504000000| PB 0x0000000504000000| Untracked 
| 871|0x0000000504400000, 0x0000000504400000, 0x0000000504800000|  0%| F|  |TAMS 0x0000000504400000| PB 0x0000000504400000| Untracked 
| 872|0x0000000504800000, 0x0000000504800000, 0x0000000504c00000|  0%| F|  |TAMS 0x0000000504800000| PB 0x0000000504800000| Untracked 
| 873|0x0000000504c00000, 0x0000000504c00000, 0x0000000505000000|  0%| F|  |TAMS 0x0000000504c00000| PB 0x0000000504c00000| Untracked 
| 874|0x0000000505000000, 0x0000000505000000, 0x0000000505400000|  0%| F|  |TAMS 0x0000000505000000| PB 0x0000000505000000| Untracked 
| 875|0x0000000505400000, 0x0000000505400000, 0x0000000505800000|  0%| F|  |TAMS 0x0000000505400000| PB 0x0000000505400000| Untracked 
| 876|0x0000000505800000, 0x0000000505800000, 0x0000000505c00000|  0%| F|  |TAMS 0x0000000505800000| PB 0x0000000505800000| Untracked 
| 877|0x0000000505c00000, 0x0000000505c00000, 0x0000000506000000|  0%| F|  |TAMS 0x0000000505c00000| PB 0x0000000505c00000| Untracked 
| 878|0x0000000506000000, 0x0000000506000000, 0x0000000506400000|  0%| F|  |TAMS 0x0000000506000000| PB 0x0000000506000000| Untracked 
| 879|0x0000000506400000, 0x0000000506400000, 0x0000000506800000|  0%| F|  |TAMS 0x0000000506400000| PB 0x0000000506400000| Untracked 
| 880|0x0000000506800000, 0x0000000506800000, 0x0000000506c00000|  0%| F|  |TAMS 0x0000000506800000| PB 0x0000000506800000| Untracked 
| 881|0x0000000506c00000, 0x0000000506c00000, 0x0000000507000000|  0%| F|  |TAMS 0x0000000506c00000| PB 0x0000000506c00000| Untracked 
| 882|0x0000000507000000, 0x0000000507000000, 0x0000000507400000|  0%| F|  |TAMS 0x0000000507000000| PB 0x0000000507000000| Untracked 
| 883|0x0000000507400000, 0x0000000507400000, 0x0000000507800000|  0%| F|  |TAMS 0x0000000507400000| PB 0x0000000507400000| Untracked 
| 884|0x0000000507800000, 0x0000000507800000, 0x0000000507c00000|  0%| F|  |TAMS 0x0000000507800000| PB 0x0000000507800000| Untracked 
| 885|0x0000000507c00000, 0x0000000507c00000, 0x0000000508000000|  0%| F|  |TAMS 0x0000000507c00000| PB 0x0000000507c00000| Untracked 
| 886|0x0000000508000000, 0x0000000508000000, 0x0000000508400000|  0%| F|  |TAMS 0x0000000508000000| PB 0x0000000508000000| Untracked 
| 887|0x0000000508400000, 0x0000000508400000, 0x0000000508800000|  0%| F|  |TAMS 0x0000000508400000| PB 0x0000000508400000| Untracked 
| 888|0x0000000508800000, 0x0000000508800000, 0x0000000508c00000|  0%| F|  |TAMS 0x0000000508800000| PB 0x0000000508800000| Untracked 
| 889|0x0000000508c00000, 0x0000000508c00000, 0x0000000509000000|  0%| F|  |TAMS 0x0000000508c00000| PB 0x0000000508c00000| Untracked 
| 890|0x0000000509000000, 0x0000000509000000, 0x0000000509400000|  0%| F|  |TAMS 0x0000000509000000| PB 0x0000000509000000| Untracked 
| 891|0x0000000509400000, 0x0000000509400000, 0x0000000509800000|  0%| F|  |TAMS 0x0000000509400000| PB 0x0000000509400000| Untracked 
| 892|0x0000000509800000, 0x0000000509800000, 0x0000000509c00000|  0%| F|  |TAMS 0x0000000509800000| PB 0x0000000509800000| Untracked 
| 893|0x0000000509c00000, 0x0000000509c00000, 0x000000050a000000|  0%| F|  |TAMS 0x0000000509c00000| PB 0x0000000509c00000| Untracked 
| 894|0x000000050a000000, 0x000000050a000000, 0x000000050a400000|  0%| F|  |TAMS 0x000000050a000000| PB 0x000000050a000000| Untracked 
| 895|0x000000050a400000, 0x000000050a400000, 0x000000050a800000|  0%| F|  |TAMS 0x000000050a400000| PB 0x000000050a400000| Untracked 
| 896|0x000000050a800000, 0x000000050a800000, 0x000000050ac00000|  0%| F|  |TAMS 0x000000050a800000| PB 0x000000050a800000| Untracked 
| 897|0x000000050ac00000, 0x000000050ac00000, 0x000000050b000000|  0%| F|  |TAMS 0x000000050ac00000| PB 0x000000050ac00000| Untracked 
| 898|0x000000050b000000, 0x000000050b000000, 0x000000050b400000|  0%| F|  |TAMS 0x000000050b000000| PB 0x000000050b000000| Untracked 
| 899|0x000000050b400000, 0x000000050b400000, 0x000000050b800000|  0%| F|  |TAMS 0x000000050b400000| PB 0x000000050b400000| Untracked 
| 900|0x000000050b800000, 0x000000050b800000, 0x000000050bc00000|  0%| F|  |TAMS 0x000000050b800000| PB 0x000000050b800000| Untracked 
| 901|0x000000050bc00000, 0x000000050bc00000, 0x000000050c000000|  0%| F|  |TAMS 0x000000050bc00000| PB 0x000000050bc00000| Untracked 
| 902|0x000000050c000000, 0x000000050c000000, 0x000000050c400000|  0%| F|  |TAMS 0x000000050c000000| PB 0x000000050c000000| Untracked 
| 903|0x000000050c400000, 0x000000050c400000, 0x000000050c800000|  0%| F|  |TAMS 0x000000050c400000| PB 0x000000050c400000| Untracked 
| 904|0x000000050c800000, 0x000000050c800000, 0x000000050cc00000|  0%| F|  |TAMS 0x000000050c800000| PB 0x000000050c800000| Untracked 
| 905|0x000000050cc00000, 0x000000050cc00000, 0x000000050d000000|  0%| F|  |TAMS 0x000000050cc00000| PB 0x000000050cc00000| Untracked 
| 906|0x000000050d000000, 0x000000050d000000, 0x000000050d400000|  0%| F|  |TAMS 0x000000050d000000| PB 0x000000050d000000| Untracked 
| 907|0x000000050d400000, 0x000000050d400000, 0x000000050d800000|  0%| F|  |TAMS 0x000000050d400000| PB 0x000000050d400000| Untracked 
| 908|0x000000050d800000, 0x000000050d800000, 0x000000050dc00000|  0%| F|  |TAMS 0x000000050d800000| PB 0x000000050d800000| Untracked 
| 909|0x000000050dc00000, 0x000000050dc00000, 0x000000050e000000|  0%| F|  |TAMS 0x000000050dc00000| PB 0x000000050dc00000| Untracked 
| 910|0x000000050e000000, 0x000000050e000000, 0x000000050e400000|  0%| F|  |TAMS 0x000000050e000000| PB 0x000000050e000000| Untracked 
| 911|0x000000050e400000, 0x000000050e400000, 0x000000050e800000|  0%| F|  |TAMS 0x000000050e400000| PB 0x000000050e400000| Untracked 
| 912|0x000000050e800000, 0x000000050e800000, 0x000000050ec00000|  0%| F|  |TAMS 0x000000050e800000| PB 0x000000050e800000| Untracked 
| 913|0x000000050ec00000, 0x000000050ec00000, 0x000000050f000000|  0%| F|  |TAMS 0x000000050ec00000| PB 0x000000050ec00000| Untracked 
| 914|0x000000050f000000, 0x000000050f000000, 0x000000050f400000|  0%| F|  |TAMS 0x000000050f000000| PB 0x000000050f000000| Untracked 
| 915|0x000000050f400000, 0x000000050f400000, 0x000000050f800000|  0%| F|  |TAMS 0x000000050f400000| PB 0x000000050f400000| Untracked 
| 916|0x000000050f800000, 0x000000050f800000, 0x000000050fc00000|  0%| F|  |TAMS 0x000000050f800000| PB 0x000000050f800000| Untracked 
| 917|0x000000050fc00000, 0x000000050fc00000, 0x0000000510000000|  0%| F|  |TAMS 0x000000050fc00000| PB 0x000000050fc00000| Untracked 
| 918|0x0000000510000000, 0x0000000510000000, 0x0000000510400000|  0%| F|  |TAMS 0x0000000510000000| PB 0x0000000510000000| Untracked 
| 919|0x0000000510400000, 0x0000000510400000, 0x0000000510800000|  0%| F|  |TAMS 0x0000000510400000| PB 0x0000000510400000| Untracked 
| 920|0x0000000510800000, 0x0000000510800000, 0x0000000510c00000|  0%| F|  |TAMS 0x0000000510800000| PB 0x0000000510800000| Untracked 
| 921|0x0000000510c00000, 0x0000000510c00000, 0x0000000511000000|  0%| F|  |TAMS 0x0000000510c00000| PB 0x0000000510c00000| Untracked 
| 922|0x0000000511000000, 0x0000000511000000, 0x0000000511400000|  0%| F|  |TAMS 0x0000000511000000| PB 0x0000000511000000| Untracked 
| 923|0x0000000511400000, 0x0000000511400000, 0x0000000511800000|  0%| F|  |TAMS 0x0000000511400000| PB 0x0000000511400000| Untracked 
| 924|0x0000000511800000, 0x0000000511800000, 0x0000000511c00000|  0%| F|  |TAMS 0x0000000511800000| PB 0x0000000511800000| Untracked 
| 925|0x0000000511c00000, 0x0000000511c00000, 0x0000000512000000|  0%| F|  |TAMS 0x0000000511c00000| PB 0x0000000511c00000| Untracked 
| 926|0x0000000512000000, 0x0000000512000000, 0x0000000512400000|  0%| F|  |TAMS 0x0000000512000000| PB 0x0000000512000000| Untracked 
| 927|0x0000000512400000, 0x0000000512400000, 0x0000000512800000|  0%| F|  |TAMS 0x0000000512400000| PB 0x0000000512400000| Untracked 
| 928|0x0000000512800000, 0x0000000512800000, 0x0000000512c00000|  0%| F|  |TAMS 0x0000000512800000| PB 0x0000000512800000| Untracked 
| 929|0x0000000512c00000, 0x0000000512c00000, 0x0000000513000000|  0%| F|  |TAMS 0x0000000512c00000| PB 0x0000000512c00000| Untracked 
| 930|0x0000000513000000, 0x0000000513000000, 0x0000000513400000|  0%| F|  |TAMS 0x0000000513000000| PB 0x0000000513000000| Untracked 
| 931|0x0000000513400000, 0x0000000513400000, 0x0000000513800000|  0%| F|  |TAMS 0x0000000513400000| PB 0x0000000513400000| Untracked 
| 932|0x0000000513800000, 0x0000000513800000, 0x0000000513c00000|  0%| F|  |TAMS 0x0000000513800000| PB 0x0000000513800000| Untracked 
| 933|0x0000000513c00000, 0x0000000513c00000, 0x0000000514000000|  0%| F|  |TAMS 0x0000000513c00000| PB 0x0000000513c00000| Untracked 
| 934|0x0000000514000000, 0x0000000514000000, 0x0000000514400000|  0%| F|  |TAMS 0x0000000514000000| PB 0x0000000514000000| Untracked 
| 935|0x0000000514400000, 0x0000000514400000, 0x0000000514800000|  0%| F|  |TAMS 0x0000000514400000| PB 0x0000000514400000| Untracked 
| 936|0x0000000514800000, 0x0000000514800000, 0x0000000514c00000|  0%| F|  |TAMS 0x0000000514800000| PB 0x0000000514800000| Untracked 
| 937|0x0000000514c00000, 0x0000000514c00000, 0x0000000515000000|  0%| F|  |TAMS 0x0000000514c00000| PB 0x0000000514c00000| Untracked 
| 938|0x0000000515000000, 0x0000000515000000, 0x0000000515400000|  0%| F|  |TAMS 0x0000000515000000| PB 0x0000000515000000| Untracked 
| 939|0x0000000515400000, 0x0000000515400000, 0x0000000515800000|  0%| F|  |TAMS 0x0000000515400000| PB 0x0000000515400000| Untracked 
| 940|0x0000000515800000, 0x0000000515800000, 0x0000000515c00000|  0%| F|  |TAMS 0x0000000515800000| PB 0x0000000515800000| Untracked 
| 941|0x0000000515c00000, 0x0000000515c00000, 0x0000000516000000|  0%| F|  |TAMS 0x0000000515c00000| PB 0x0000000515c00000| Untracked 
| 942|0x0000000516000000, 0x0000000516000000, 0x0000000516400000|  0%| F|  |TAMS 0x0000000516000000| PB 0x0000000516000000| Untracked 
| 943|0x0000000516400000, 0x0000000516400000, 0x0000000516800000|  0%| F|  |TAMS 0x0000000516400000| PB 0x0000000516400000| Untracked 
| 944|0x0000000516800000, 0x0000000516800000, 0x0000000516c00000|  0%| F|  |TAMS 0x0000000516800000| PB 0x0000000516800000| Untracked 
| 945|0x0000000516c00000, 0x0000000516c00000, 0x0000000517000000|  0%| F|  |TAMS 0x0000000516c00000| PB 0x0000000516c00000| Untracked 
| 946|0x0000000517000000, 0x0000000517000000, 0x0000000517400000|  0%| F|  |TAMS 0x0000000517000000| PB 0x0000000517000000| Untracked 
| 947|0x0000000517400000, 0x0000000517400000, 0x0000000517800000|  0%| F|  |TAMS 0x0000000517400000| PB 0x0000000517400000| Untracked 
| 948|0x0000000517800000, 0x0000000517800000, 0x0000000517c00000|  0%| F|  |TAMS 0x0000000517800000| PB 0x0000000517800000| Untracked 
| 949|0x0000000517c00000, 0x0000000517c00000, 0x0000000518000000|  0%| F|  |TAMS 0x0000000517c00000| PB 0x0000000517c00000| Untracked 
| 950|0x0000000518000000, 0x0000000518000000, 0x0000000518400000|  0%| F|  |TAMS 0x0000000518000000| PB 0x0000000518000000| Untracked 
| 951|0x0000000518400000, 0x0000000518400000, 0x0000000518800000|  0%| F|  |TAMS 0x0000000518400000| PB 0x0000000518400000| Untracked 
| 952|0x0000000518800000, 0x0000000518800000, 0x0000000518c00000|  0%| F|  |TAMS 0x0000000518800000| PB 0x0000000518800000| Untracked 
| 953|0x0000000518c00000, 0x0000000518c00000, 0x0000000519000000|  0%| F|  |TAMS 0x0000000518c00000| PB 0x0000000518c00000| Untracked 
| 954|0x0000000519000000, 0x0000000519000000, 0x0000000519400000|  0%| F|  |TAMS 0x0000000519000000| PB 0x0000000519000000| Untracked 
| 955|0x0000000519400000, 0x0000000519400000, 0x0000000519800000|  0%| F|  |TAMS 0x0000000519400000| PB 0x0000000519400000| Untracked 
| 956|0x0000000519800000, 0x0000000519800000, 0x0000000519c00000|  0%| F|  |TAMS 0x0000000519800000| PB 0x0000000519800000| Untracked 
| 957|0x0000000519c00000, 0x0000000519c00000, 0x000000051a000000|  0%| F|  |TAMS 0x0000000519c00000| PB 0x0000000519c00000| Untracked 
| 958|0x000000051a000000, 0x000000051a000000, 0x000000051a400000|  0%| F|  |TAMS 0x000000051a000000| PB 0x000000051a000000| Untracked 
| 959|0x000000051a400000, 0x000000051a400000, 0x000000051a800000|  0%| F|  |TAMS 0x000000051a400000| PB 0x000000051a400000| Untracked 
| 960|0x000000051a800000, 0x000000051a800000, 0x000000051ac00000|  0%| F|  |TAMS 0x000000051a800000| PB 0x000000051a800000| Untracked 
| 961|0x000000051ac00000, 0x000000051ac00000, 0x000000051b000000|  0%| F|  |TAMS 0x000000051ac00000| PB 0x000000051ac00000| Untracked 
| 962|0x000000051b000000, 0x000000051b000000, 0x000000051b400000|  0%| F|  |TAMS 0x000000051b000000| PB 0x000000051b000000| Untracked 
| 963|0x000000051b400000, 0x000000051b400000, 0x000000051b800000|  0%| F|  |TAMS 0x000000051b400000| PB 0x000000051b400000| Untracked 
| 964|0x000000051b800000, 0x000000051b800000, 0x000000051bc00000|  0%| F|  |TAMS 0x000000051b800000| PB 0x000000051b800000| Untracked 
| 965|0x000000051bc00000, 0x000000051bc00000, 0x000000051c000000|  0%| F|  |TAMS 0x000000051bc00000| PB 0x000000051bc00000| Untracked 
| 966|0x000000051c000000, 0x000000051c000000, 0x000000051c400000|  0%| F|  |TAMS 0x000000051c000000| PB 0x000000051c000000| Untracked 
| 967|0x000000051c400000, 0x000000051c400000, 0x000000051c800000|  0%| F|  |TAMS 0x000000051c400000| PB 0x000000051c400000| Untracked 
| 968|0x000000051c800000, 0x000000051c800000, 0x000000051cc00000|  0%| F|  |TAMS 0x000000051c800000| PB 0x000000051c800000| Untracked 
| 969|0x000000051cc00000, 0x000000051cc00000, 0x000000051d000000|  0%| F|  |TAMS 0x000000051cc00000| PB 0x000000051cc00000| Untracked 
| 970|0x000000051d000000, 0x000000051d000000, 0x000000051d400000|  0%| F|  |TAMS 0x000000051d000000| PB 0x000000051d000000| Untracked 
| 971|0x000000051d400000, 0x000000051d400000, 0x000000051d800000|  0%| F|  |TAMS 0x000000051d400000| PB 0x000000051d400000| Untracked 
| 972|0x000000051d800000, 0x000000051d800000, 0x000000051dc00000|  0%| F|  |TAMS 0x000000051d800000| PB 0x000000051d800000| Untracked 
| 973|0x000000051dc00000, 0x000000051dc00000, 0x000000051e000000|  0%| F|  |TAMS 0x000000051dc00000| PB 0x000000051dc00000| Untracked 
| 974|0x000000051e000000, 0x000000051e000000, 0x000000051e400000|  0%| F|  |TAMS 0x000000051e000000| PB 0x000000051e000000| Untracked 
| 975|0x000000051e400000, 0x000000051e400000, 0x000000051e800000|  0%| F|  |TAMS 0x000000051e400000| PB 0x000000051e400000| Untracked 
| 976|0x000000051e800000, 0x000000051e800000, 0x000000051ec00000|  0%| F|  |TAMS 0x000000051e800000| PB 0x000000051e800000| Untracked 
| 977|0x000000051ec00000, 0x000000051ec00000, 0x000000051f000000|  0%| F|  |TAMS 0x000000051ec00000| PB 0x000000051ec00000| Untracked 
| 978|0x000000051f000000, 0x000000051f000000, 0x000000051f400000|  0%| F|  |TAMS 0x000000051f000000| PB 0x000000051f000000| Untracked 
| 979|0x000000051f400000, 0x000000051f400000, 0x000000051f800000|  0%| F|  |TAMS 0x000000051f400000| PB 0x000000051f400000| Untracked 
| 980|0x000000051f800000, 0x000000051f800000, 0x000000051fc00000|  0%| F|  |TAMS 0x000000051f800000| PB 0x000000051f800000| Untracked 
| 981|0x000000051fc00000, 0x000000051fc00000, 0x0000000520000000|  0%| F|  |TAMS 0x000000051fc00000| PB 0x000000051fc00000| Untracked 
| 982|0x0000000520000000, 0x0000000520000000, 0x0000000520400000|  0%| F|  |TAMS 0x0000000520000000| PB 0x0000000520000000| Untracked 
| 983|0x0000000520400000, 0x0000000520400000, 0x0000000520800000|  0%| F|  |TAMS 0x0000000520400000| PB 0x0000000520400000| Untracked 
| 984|0x0000000520800000, 0x0000000520800000, 0x0000000520c00000|  0%| F|  |TAMS 0x0000000520800000| PB 0x0000000520800000| Untracked 
| 985|0x0000000520c00000, 0x0000000520c00000, 0x0000000521000000|  0%| F|  |TAMS 0x0000000520c00000| PB 0x0000000520c00000| Untracked 
| 986|0x0000000521000000, 0x0000000521000000, 0x0000000521400000|  0%| F|  |TAMS 0x0000000521000000| PB 0x0000000521000000| Untracked 
| 987|0x0000000521400000, 0x0000000521400000, 0x0000000521800000|  0%| F|  |TAMS 0x0000000521400000| PB 0x0000000521400000| Untracked 
| 988|0x0000000521800000, 0x0000000521800000, 0x0000000521c00000|  0%| F|  |TAMS 0x0000000521800000| PB 0x0000000521800000| Untracked 
| 989|0x0000000521c00000, 0x0000000521c00000, 0x0000000522000000|  0%| F|  |TAMS 0x0000000521c00000| PB 0x0000000521c00000| Untracked 
| 990|0x0000000522000000, 0x0000000522000000, 0x0000000522400000|  0%| F|  |TAMS 0x0000000522000000| PB 0x0000000522000000| Untracked 
| 991|0x0000000522400000, 0x0000000522400000, 0x0000000522800000|  0%| F|  |TAMS 0x0000000522400000| PB 0x0000000522400000| Untracked 
| 992|0x0000000522800000, 0x0000000522800000, 0x0000000522c00000|  0%| F|  |TAMS 0x0000000522800000| PB 0x0000000522800000| Untracked 
| 993|0x0000000522c00000, 0x0000000522c00000, 0x0000000523000000|  0%| F|  |TAMS 0x0000000522c00000| PB 0x0000000522c00000| Untracked 
| 994|0x0000000523000000, 0x0000000523000000, 0x0000000523400000|  0%| F|  |TAMS 0x0000000523000000| PB 0x0000000523000000| Untracked 
| 995|0x0000000523400000, 0x0000000523400000, 0x0000000523800000|  0%| F|  |TAMS 0x0000000523400000| PB 0x0000000523400000| Untracked 
| 996|0x0000000523800000, 0x0000000523800000, 0x0000000523c00000|  0%| F|  |TAMS 0x0000000523800000| PB 0x0000000523800000| Untracked 
| 997|0x0000000523c00000, 0x0000000523c00000, 0x0000000524000000|  0%| F|  |TAMS 0x0000000523c00000| PB 0x0000000523c00000| Untracked 
| 998|0x0000000524000000, 0x0000000524000000, 0x0000000524400000|  0%| F|  |TAMS 0x0000000524000000| PB 0x0000000524000000| Untracked 
| 999|0x0000000524400000, 0x0000000524400000, 0x0000000524800000|  0%| F|  |TAMS 0x0000000524400000| PB 0x0000000524400000| Untracked 
|1000|0x0000000524800000, 0x0000000524800000, 0x0000000524c00000|  0%| F|  |TAMS 0x0000000524800000| PB 0x0000000524800000| Untracked 
|1001|0x0000000524c00000, 0x0000000524c00000, 0x0000000525000000|  0%| F|  |TAMS 0x0000000524c00000| PB 0x0000000524c00000| Untracked 
|1002|0x0000000525000000, 0x0000000525000000, 0x0000000525400000|  0%| F|  |TAMS 0x0000000525000000| PB 0x0000000525000000| Untracked 
|1003|0x0000000525400000, 0x0000000525400000, 0x0000000525800000|  0%| F|  |TAMS 0x0000000525400000| PB 0x0000000525400000| Untracked 
|1004|0x0000000525800000, 0x0000000525800000, 0x0000000525c00000|  0%| F|  |TAMS 0x0000000525800000| PB 0x0000000525800000| Untracked 
|1005|0x0000000525c00000, 0x0000000525c00000, 0x0000000526000000|  0%| F|  |TAMS 0x0000000525c00000| PB 0x0000000525c00000| Untracked 
|1006|0x0000000526000000, 0x0000000526000000, 0x0000000526400000|  0%| F|  |TAMS 0x0000000526000000| PB 0x0000000526000000| Untracked 
|1007|0x0000000526400000, 0x0000000526400000, 0x0000000526800000|  0%| F|  |TAMS 0x0000000526400000| PB 0x0000000526400000| Untracked 
|1008|0x0000000526800000, 0x0000000526800000, 0x0000000526c00000|  0%| F|  |TAMS 0x0000000526800000| PB 0x0000000526800000| Untracked 
|1009|0x0000000526c00000, 0x0000000526c00000, 0x0000000527000000|  0%| F|  |TAMS 0x0000000526c00000| PB 0x0000000526c00000| Untracked 
|1010|0x0000000527000000, 0x0000000527000000, 0x0000000527400000|  0%| F|  |TAMS 0x0000000527000000| PB 0x0000000527000000| Untracked 
|1011|0x0000000527400000, 0x0000000527400000, 0x0000000527800000|  0%| F|  |TAMS 0x0000000527400000| PB 0x0000000527400000| Untracked 
|1012|0x0000000527800000, 0x0000000527800000, 0x0000000527c00000|  0%| F|  |TAMS 0x0000000527800000| PB 0x0000000527800000| Untracked 
|1013|0x0000000527c00000, 0x0000000527c00000, 0x0000000528000000|  0%| F|  |TAMS 0x0000000527c00000| PB 0x0000000527c00000| Untracked 
|1014|0x0000000528000000, 0x0000000528000000, 0x0000000528400000|  0%| F|  |TAMS 0x0000000528000000| PB 0x0000000528000000| Untracked 
|1015|0x0000000528400000, 0x0000000528400000, 0x0000000528800000|  0%| F|  |TAMS 0x0000000528400000| PB 0x0000000528400000| Untracked 
|1016|0x0000000528800000, 0x0000000528800000, 0x0000000528c00000|  0%| F|  |TAMS 0x0000000528800000| PB 0x0000000528800000| Untracked 
|1017|0x0000000528c00000, 0x0000000528c00000, 0x0000000529000000|  0%| F|  |TAMS 0x0000000528c00000| PB 0x0000000528c00000| Untracked 
|1018|0x0000000529000000, 0x0000000529000000, 0x0000000529400000|  0%| F|  |TAMS 0x0000000529000000| PB 0x0000000529000000| Untracked 
|1019|0x0000000529400000, 0x0000000529400000, 0x0000000529800000|  0%| F|  |TAMS 0x0000000529400000| PB 0x0000000529400000| Untracked 
|1020|0x0000000529800000, 0x0000000529800000, 0x0000000529c00000|  0%| F|  |TAMS 0x0000000529800000| PB 0x0000000529800000| Untracked 
|1021|0x0000000529c00000, 0x0000000529c00000, 0x000000052a000000|  0%| F|  |TAMS 0x0000000529c00000| PB 0x0000000529c00000| Untracked 
|1022|0x000000052a000000, 0x000000052a000000, 0x000000052a400000|  0%| F|  |TAMS 0x000000052a000000| PB 0x000000052a000000| Untracked 
|1023|0x000000052a400000, 0x000000052a400000, 0x000000052a800000|  0%| F|  |TAMS 0x000000052a400000| PB 0x000000052a400000| Untracked 
|1024|0x000000052a800000, 0x000000052a800000, 0x000000052ac00000|  0%| F|  |TAMS 0x000000052a800000| PB 0x000000052a800000| Untracked 
|1025|0x000000052ac00000, 0x000000052ac00000, 0x000000052b000000|  0%| F|  |TAMS 0x000000052ac00000| PB 0x000000052ac00000| Untracked 
|1026|0x000000052b000000, 0x000000052b000000, 0x000000052b400000|  0%| F|  |TAMS 0x000000052b000000| PB 0x000000052b000000| Untracked 
|1027|0x000000052b400000, 0x000000052b400000, 0x000000052b800000|  0%| F|  |TAMS 0x000000052b400000| PB 0x000000052b400000| Untracked 
|1028|0x000000052b800000, 0x000000052b800000, 0x000000052bc00000|  0%| F|  |TAMS 0x000000052b800000| PB 0x000000052b800000| Untracked 
|1029|0x000000052bc00000, 0x000000052bc00000, 0x000000052c000000|  0%| F|  |TAMS 0x000000052bc00000| PB 0x000000052bc00000| Untracked 
|1030|0x000000052c000000, 0x000000052c000000, 0x000000052c400000|  0%| F|  |TAMS 0x000000052c000000| PB 0x000000052c000000| Untracked 
|1031|0x000000052c400000, 0x000000052c400000, 0x000000052c800000|  0%| F|  |TAMS 0x000000052c400000| PB 0x000000052c400000| Untracked 
|1032|0x000000052c800000, 0x000000052c800000, 0x000000052cc00000|  0%| F|  |TAMS 0x000000052c800000| PB 0x000000052c800000| Untracked 
|1033|0x000000052cc00000, 0x000000052cc00000, 0x000000052d000000|  0%| F|  |TAMS 0x000000052cc00000| PB 0x000000052cc00000| Untracked 
|1034|0x000000052d000000, 0x000000052d000000, 0x000000052d400000|  0%| F|  |TAMS 0x000000052d000000| PB 0x000000052d000000| Untracked 
|1035|0x000000052d400000, 0x000000052d400000, 0x000000052d800000|  0%| F|  |TAMS 0x000000052d400000| PB 0x000000052d400000| Untracked 
|1036|0x000000052d800000, 0x000000052d800000, 0x000000052dc00000|  0%| F|  |TAMS 0x000000052d800000| PB 0x000000052d800000| Untracked 
|1037|0x000000052dc00000, 0x000000052dc00000, 0x000000052e000000|  0%| F|  |TAMS 0x000000052dc00000| PB 0x000000052dc00000| Untracked 
|1038|0x000000052e000000, 0x000000052e000000, 0x000000052e400000|  0%| F|  |TAMS 0x000000052e000000| PB 0x000000052e000000| Untracked 
|1039|0x000000052e400000, 0x000000052e400000, 0x000000052e800000|  0%| F|  |TAMS 0x000000052e400000| PB 0x000000052e400000| Untracked 
|1040|0x000000052e800000, 0x000000052e800000, 0x000000052ec00000|  0%| F|  |TAMS 0x000000052e800000| PB 0x000000052e800000| Untracked 
|1041|0x000000052ec00000, 0x000000052ec00000, 0x000000052f000000|  0%| F|  |TAMS 0x000000052ec00000| PB 0x000000052ec00000| Untracked 
|1042|0x000000052f000000, 0x000000052f000000, 0x000000052f400000|  0%| F|  |TAMS 0x000000052f000000| PB 0x000000052f000000| Untracked 
|1043|0x000000052f400000, 0x000000052f400000, 0x000000052f800000|  0%| F|  |TAMS 0x000000052f400000| PB 0x000000052f400000| Untracked 
|1044|0x000000052f800000, 0x000000052f800000, 0x000000052fc00000|  0%| F|  |TAMS 0x000000052f800000| PB 0x000000052f800000| Untracked 
|1045|0x000000052fc00000, 0x000000052fc00000, 0x0000000530000000|  0%| F|  |TAMS 0x000000052fc00000| PB 0x000000052fc00000| Untracked 
|1046|0x0000000530000000, 0x0000000530000000, 0x0000000530400000|  0%| F|  |TAMS 0x0000000530000000| PB 0x0000000530000000| Untracked 
|1047|0x0000000530400000, 0x0000000530400000, 0x0000000530800000|  0%| F|  |TAMS 0x0000000530400000| PB 0x0000000530400000| Untracked 
|1048|0x0000000530800000, 0x0000000530800000, 0x0000000530c00000|  0%| F|  |TAMS 0x0000000530800000| PB 0x0000000530800000| Untracked 
|1049|0x0000000530c00000, 0x0000000530c00000, 0x0000000531000000|  0%| F|  |TAMS 0x0000000530c00000| PB 0x0000000530c00000| Untracked 
|1050|0x0000000531000000, 0x0000000531000000, 0x0000000531400000|  0%| F|  |TAMS 0x0000000531000000| PB 0x0000000531000000| Untracked 
|1051|0x0000000531400000, 0x0000000531400000, 0x0000000531800000|  0%| F|  |TAMS 0x0000000531400000| PB 0x0000000531400000| Untracked 
|1052|0x0000000531800000, 0x0000000531800000, 0x0000000531c00000|  0%| F|  |TAMS 0x0000000531800000| PB 0x0000000531800000| Untracked 
|1053|0x0000000531c00000, 0x0000000531c00000, 0x0000000532000000|  0%| F|  |TAMS 0x0000000531c00000| PB 0x0000000531c00000| Untracked 
|1054|0x0000000532000000, 0x0000000532000000, 0x0000000532400000|  0%| F|  |TAMS 0x0000000532000000| PB 0x0000000532000000| Untracked 
|1055|0x0000000532400000, 0x0000000532400000, 0x0000000532800000|  0%| F|  |TAMS 0x0000000532400000| PB 0x0000000532400000| Untracked 
|1056|0x0000000532800000, 0x0000000532800000, 0x0000000532c00000|  0%| F|  |TAMS 0x0000000532800000| PB 0x0000000532800000| Untracked 
|1057|0x0000000532c00000, 0x0000000532c00000, 0x0000000533000000|  0%| F|  |TAMS 0x0000000532c00000| PB 0x0000000532c00000| Untracked 
|1058|0x0000000533000000, 0x0000000533000000, 0x0000000533400000|  0%| F|  |TAMS 0x0000000533000000| PB 0x0000000533000000| Untracked 
|1059|0x0000000533400000, 0x0000000533400000, 0x0000000533800000|  0%| F|  |TAMS 0x0000000533400000| PB 0x0000000533400000| Untracked 
|1060|0x0000000533800000, 0x0000000533800000, 0x0000000533c00000|  0%| F|  |TAMS 0x0000000533800000| PB 0x0000000533800000| Untracked 
|1061|0x0000000533c00000, 0x0000000533c00000, 0x0000000534000000|  0%| F|  |TAMS 0x0000000533c00000| PB 0x0000000533c00000| Untracked 
|1062|0x0000000534000000, 0x0000000534000000, 0x0000000534400000|  0%| F|  |TAMS 0x0000000534000000| PB 0x0000000534000000| Untracked 
|1063|0x0000000534400000, 0x0000000534400000, 0x0000000534800000|  0%| F|  |TAMS 0x0000000534400000| PB 0x0000000534400000| Untracked 
|1064|0x0000000534800000, 0x0000000534800000, 0x0000000534c00000|  0%| F|  |TAMS 0x0000000534800000| PB 0x0000000534800000| Untracked 
|1065|0x0000000534c00000, 0x0000000534c00000, 0x0000000535000000|  0%| F|  |TAMS 0x0000000534c00000| PB 0x0000000534c00000| Untracked 
|1066|0x0000000535000000, 0x0000000535000000, 0x0000000535400000|  0%| F|  |TAMS 0x0000000535000000| PB 0x0000000535000000| Untracked 
|1067|0x0000000535400000, 0x0000000535400000, 0x0000000535800000|  0%| F|  |TAMS 0x0000000535400000| PB 0x0000000535400000| Untracked 
|1068|0x0000000535800000, 0x0000000535800000, 0x0000000535c00000|  0%| F|  |TAMS 0x0000000535800000| PB 0x0000000535800000| Untracked 
|1069|0x0000000535c00000, 0x0000000535c00000, 0x0000000536000000|  0%| F|  |TAMS 0x0000000535c00000| PB 0x0000000535c00000| Untracked 
|1070|0x0000000536000000, 0x0000000536000000, 0x0000000536400000|  0%| F|  |TAMS 0x0000000536000000| PB 0x0000000536000000| Untracked 
|1071|0x0000000536400000, 0x0000000536400000, 0x0000000536800000|  0%| F|  |TAMS 0x0000000536400000| PB 0x0000000536400000| Untracked 
|1072|0x0000000536800000, 0x0000000536800000, 0x0000000536c00000|  0%| F|  |TAMS 0x0000000536800000| PB 0x0000000536800000| Untracked 
|1073|0x0000000536c00000, 0x0000000536c00000, 0x0000000537000000|  0%| F|  |TAMS 0x0000000536c00000| PB 0x0000000536c00000| Untracked 
|1074|0x0000000537000000, 0x0000000537000000, 0x0000000537400000|  0%| F|  |TAMS 0x0000000537000000| PB 0x0000000537000000| Untracked 
|1075|0x0000000537400000, 0x0000000537400000, 0x0000000537800000|  0%| F|  |TAMS 0x0000000537400000| PB 0x0000000537400000| Untracked 
|1076|0x0000000537800000, 0x0000000537800000, 0x0000000537c00000|  0%| F|  |TAMS 0x0000000537800000| PB 0x0000000537800000| Untracked 
|1077|0x0000000537c00000, 0x0000000537c00000, 0x0000000538000000|  0%| F|  |TAMS 0x0000000537c00000| PB 0x0000000537c00000| Untracked 
|1078|0x0000000538000000, 0x0000000538000000, 0x0000000538400000|  0%| F|  |TAMS 0x0000000538000000| PB 0x0000000538000000| Untracked 
|1079|0x0000000538400000, 0x0000000538400000, 0x0000000538800000|  0%| F|  |TAMS 0x0000000538400000| PB 0x0000000538400000| Untracked 
|1080|0x0000000538800000, 0x0000000538800000, 0x0000000538c00000|  0%| F|  |TAMS 0x0000000538800000| PB 0x0000000538800000| Untracked 
|1081|0x0000000538c00000, 0x0000000538c00000, 0x0000000539000000|  0%| F|  |TAMS 0x0000000538c00000| PB 0x0000000538c00000| Untracked 
|1082|0x0000000539000000, 0x0000000539000000, 0x0000000539400000|  0%| F|  |TAMS 0x0000000539000000| PB 0x0000000539000000| Untracked 
|1083|0x0000000539400000, 0x0000000539400000, 0x0000000539800000|  0%| F|  |TAMS 0x0000000539400000| PB 0x0000000539400000| Untracked 
|1084|0x0000000539800000, 0x0000000539800000, 0x0000000539c00000|  0%| F|  |TAMS 0x0000000539800000| PB 0x0000000539800000| Untracked 
|1085|0x0000000539c00000, 0x0000000539c00000, 0x000000053a000000|  0%| F|  |TAMS 0x0000000539c00000| PB 0x0000000539c00000| Untracked 
|1086|0x000000053a000000, 0x000000053a000000, 0x000000053a400000|  0%| F|  |TAMS 0x000000053a000000| PB 0x000000053a000000| Untracked 
|1087|0x000000053a400000, 0x000000053a400000, 0x000000053a800000|  0%| F|  |TAMS 0x000000053a400000| PB 0x000000053a400000| Untracked 
|1088|0x000000053a800000, 0x000000053a800000, 0x000000053ac00000|  0%| F|  |TAMS 0x000000053a800000| PB 0x000000053a800000| Untracked 
|1089|0x000000053ac00000, 0x000000053ac00000, 0x000000053b000000|  0%| F|  |TAMS 0x000000053ac00000| PB 0x000000053ac00000| Untracked 
|1090|0x000000053b000000, 0x000000053b000000, 0x000000053b400000|  0%| F|  |TAMS 0x000000053b000000| PB 0x000000053b000000| Untracked 
|1091|0x000000053b400000, 0x000000053b400000, 0x000000053b800000|  0%| F|  |TAMS 0x000000053b400000| PB 0x000000053b400000| Untracked 
|1092|0x000000053b800000, 0x000000053b800000, 0x000000053bc00000|  0%| F|  |TAMS 0x000000053b800000| PB 0x000000053b800000| Untracked 
|1093|0x000000053bc00000, 0x000000053bc00000, 0x000000053c000000|  0%| F|  |TAMS 0x000000053bc00000| PB 0x000000053bc00000| Untracked 
|1094|0x000000053c000000, 0x000000053c000000, 0x000000053c400000|  0%| F|  |TAMS 0x000000053c000000| PB 0x000000053c000000| Untracked 
|1095|0x000000053c400000, 0x000000053c400000, 0x000000053c800000|  0%| F|  |TAMS 0x000000053c400000| PB 0x000000053c400000| Untracked 
|1096|0x000000053c800000, 0x000000053c800000, 0x000000053cc00000|  0%| F|  |TAMS 0x000000053c800000| PB 0x000000053c800000| Untracked 
|1097|0x000000053cc00000, 0x000000053cc00000, 0x000000053d000000|  0%| F|  |TAMS 0x000000053cc00000| PB 0x000000053cc00000| Untracked 
|1098|0x000000053d000000, 0x000000053d000000, 0x000000053d400000|  0%| F|  |TAMS 0x000000053d000000| PB 0x000000053d000000| Untracked 
|1099|0x000000053d400000, 0x000000053d400000, 0x000000053d800000|  0%| F|  |TAMS 0x000000053d400000| PB 0x000000053d400000| Untracked 
|1100|0x000000053d800000, 0x000000053d800000, 0x000000053dc00000|  0%| F|  |TAMS 0x000000053d800000| PB 0x000000053d800000| Untracked 
|1101|0x000000053dc00000, 0x000000053dc00000, 0x000000053e000000|  0%| F|  |TAMS 0x000000053dc00000| PB 0x000000053dc00000| Untracked 
|1102|0x000000053e000000, 0x000000053e000000, 0x000000053e400000|  0%| F|  |TAMS 0x000000053e000000| PB 0x000000053e000000| Untracked 
|1103|0x000000053e400000, 0x000000053e400000, 0x000000053e800000|  0%| F|  |TAMS 0x000000053e400000| PB 0x000000053e400000| Untracked 
|1104|0x000000053e800000, 0x000000053e800000, 0x000000053ec00000|  0%| F|  |TAMS 0x000000053e800000| PB 0x000000053e800000| Untracked 
|1105|0x000000053ec00000, 0x000000053ec00000, 0x000000053f000000|  0%| F|  |TAMS 0x000000053ec00000| PB 0x000000053ec00000| Untracked 
|1106|0x000000053f000000, 0x000000053f000000, 0x000000053f400000|  0%| F|  |TAMS 0x000000053f000000| PB 0x000000053f000000| Untracked 
|1107|0x000000053f400000, 0x000000053f400000, 0x000000053f800000|  0%| F|  |TAMS 0x000000053f400000| PB 0x000000053f400000| Untracked 
|1108|0x000000053f800000, 0x000000053f800000, 0x000000053fc00000|  0%| F|  |TAMS 0x000000053f800000| PB 0x000000053f800000| Untracked 
|1109|0x000000053fc00000, 0x000000053fc00000, 0x0000000540000000|  0%| F|  |TAMS 0x000000053fc00000| PB 0x000000053fc00000| Untracked 
|1110|0x0000000540000000, 0x0000000540000000, 0x0000000540400000|  0%| F|  |TAMS 0x0000000540000000| PB 0x0000000540000000| Untracked 
|1111|0x0000000540400000, 0x0000000540400000, 0x0000000540800000|  0%| F|  |TAMS 0x0000000540400000| PB 0x0000000540400000| Untracked 
|1112|0x0000000540800000, 0x0000000540800000, 0x0000000540c00000|  0%| F|  |TAMS 0x0000000540800000| PB 0x0000000540800000| Untracked 
|1113|0x0000000540c00000, 0x0000000540c00000, 0x0000000541000000|  0%| F|  |TAMS 0x0000000540c00000| PB 0x0000000540c00000| Untracked 
|1114|0x0000000541000000, 0x0000000541000000, 0x0000000541400000|  0%| F|  |TAMS 0x0000000541000000| PB 0x0000000541000000| Untracked 
|1115|0x0000000541400000, 0x0000000541400000, 0x0000000541800000|  0%| F|  |TAMS 0x0000000541400000| PB 0x0000000541400000| Untracked 
|1116|0x0000000541800000, 0x0000000541800000, 0x0000000541c00000|  0%| F|  |TAMS 0x0000000541800000| PB 0x0000000541800000| Untracked 
|1117|0x0000000541c00000, 0x0000000541c00000, 0x0000000542000000|  0%| F|  |TAMS 0x0000000541c00000| PB 0x0000000541c00000| Untracked 
|1118|0x0000000542000000, 0x0000000542000000, 0x0000000542400000|  0%| F|  |TAMS 0x0000000542000000| PB 0x0000000542000000| Untracked 
|1119|0x0000000542400000, 0x0000000542400000, 0x0000000542800000|  0%| F|  |TAMS 0x0000000542400000| PB 0x0000000542400000| Untracked 
|1120|0x0000000542800000, 0x0000000542800000, 0x0000000542c00000|  0%| F|  |TAMS 0x0000000542800000| PB 0x0000000542800000| Untracked 
|1121|0x0000000542c00000, 0x0000000542c00000, 0x0000000543000000|  0%| F|  |TAMS 0x0000000542c00000| PB 0x0000000542c00000| Untracked 
|1122|0x0000000543000000, 0x0000000543000000, 0x0000000543400000|  0%| F|  |TAMS 0x0000000543000000| PB 0x0000000543000000| Untracked 
|1123|0x0000000543400000, 0x0000000543400000, 0x0000000543800000|  0%| F|  |TAMS 0x0000000543400000| PB 0x0000000543400000| Untracked 
|1124|0x0000000543800000, 0x0000000543800000, 0x0000000543c00000|  0%| F|  |TAMS 0x0000000543800000| PB 0x0000000543800000| Untracked 
|1125|0x0000000543c00000, 0x0000000543c00000, 0x0000000544000000|  0%| F|  |TAMS 0x0000000543c00000| PB 0x0000000543c00000| Untracked 
|1126|0x0000000544000000, 0x0000000544000000, 0x0000000544400000|  0%| F|  |TAMS 0x0000000544000000| PB 0x0000000544000000| Untracked 
|1127|0x0000000544400000, 0x0000000544400000, 0x0000000544800000|  0%| F|  |TAMS 0x0000000544400000| PB 0x0000000544400000| Untracked 
|1128|0x0000000544800000, 0x0000000544800000, 0x0000000544c00000|  0%| F|  |TAMS 0x0000000544800000| PB 0x0000000544800000| Untracked 
|1129|0x0000000544c00000, 0x0000000544c00000, 0x0000000545000000|  0%| F|  |TAMS 0x0000000544c00000| PB 0x0000000544c00000| Untracked 
|1130|0x0000000545000000, 0x0000000545000000, 0x0000000545400000|  0%| F|  |TAMS 0x0000000545000000| PB 0x0000000545000000| Untracked 
|1131|0x0000000545400000, 0x0000000545400000, 0x0000000545800000|  0%| F|  |TAMS 0x0000000545400000| PB 0x0000000545400000| Untracked 
|1132|0x0000000545800000, 0x0000000545800000, 0x0000000545c00000|  0%| F|  |TAMS 0x0000000545800000| PB 0x0000000545800000| Untracked 
|1133|0x0000000545c00000, 0x0000000545c00000, 0x0000000546000000|  0%| F|  |TAMS 0x0000000545c00000| PB 0x0000000545c00000| Untracked 
|1134|0x0000000546000000, 0x0000000546000000, 0x0000000546400000|  0%| F|  |TAMS 0x0000000546000000| PB 0x0000000546000000| Untracked 
|1135|0x0000000546400000, 0x0000000546400000, 0x0000000546800000|  0%| F|  |TAMS 0x0000000546400000| PB 0x0000000546400000| Untracked 
|1136|0x0000000546800000, 0x0000000546800000, 0x0000000546c00000|  0%| F|  |TAMS 0x0000000546800000| PB 0x0000000546800000| Untracked 
|1137|0x0000000546c00000, 0x0000000546c00000, 0x0000000547000000|  0%| F|  |TAMS 0x0000000546c00000| PB 0x0000000546c00000| Untracked 
|1138|0x0000000547000000, 0x0000000547000000, 0x0000000547400000|  0%| F|  |TAMS 0x0000000547000000| PB 0x0000000547000000| Untracked 
|1139|0x0000000547400000, 0x0000000547400000, 0x0000000547800000|  0%| F|  |TAMS 0x0000000547400000| PB 0x0000000547400000| Untracked 
|1140|0x0000000547800000, 0x0000000547800000, 0x0000000547c00000|  0%| F|  |TAMS 0x0000000547800000| PB 0x0000000547800000| Untracked 
|1141|0x0000000547c00000, 0x0000000547c00000, 0x0000000548000000|  0%| F|  |TAMS 0x0000000547c00000| PB 0x0000000547c00000| Untracked 
|1142|0x0000000548000000, 0x0000000548000000, 0x0000000548400000|  0%| F|  |TAMS 0x0000000548000000| PB 0x0000000548000000| Untracked 
|1143|0x0000000548400000, 0x0000000548400000, 0x0000000548800000|  0%| F|  |TAMS 0x0000000548400000| PB 0x0000000548400000| Untracked 
|1144|0x0000000548800000, 0x0000000548800000, 0x0000000548c00000|  0%| F|  |TAMS 0x0000000548800000| PB 0x0000000548800000| Untracked 
|1145|0x0000000548c00000, 0x0000000548c00000, 0x0000000549000000|  0%| F|  |TAMS 0x0000000548c00000| PB 0x0000000548c00000| Untracked 
|1146|0x0000000549000000, 0x0000000549000000, 0x0000000549400000|  0%| F|  |TAMS 0x0000000549000000| PB 0x0000000549000000| Untracked 
|1147|0x0000000549400000, 0x0000000549400000, 0x0000000549800000|  0%| F|  |TAMS 0x0000000549400000| PB 0x0000000549400000| Untracked 
|1148|0x0000000549800000, 0x0000000549800000, 0x0000000549c00000|  0%| F|  |TAMS 0x0000000549800000| PB 0x0000000549800000| Untracked 
|1149|0x0000000549c00000, 0x0000000549c00000, 0x000000054a000000|  0%| F|  |TAMS 0x0000000549c00000| PB 0x0000000549c00000| Untracked 
|1150|0x000000054a000000, 0x000000054a000000, 0x000000054a400000|  0%| F|  |TAMS 0x000000054a000000| PB 0x000000054a000000| Untracked 
|1151|0x000000054a400000, 0x000000054a400000, 0x000000054a800000|  0%| F|  |TAMS 0x000000054a400000| PB 0x000000054a400000| Untracked 
|1152|0x000000054a800000, 0x000000054a800000, 0x000000054ac00000|  0%| F|  |TAMS 0x000000054a800000| PB 0x000000054a800000| Untracked 
|1153|0x000000054ac00000, 0x000000054ac00000, 0x000000054b000000|  0%| F|  |TAMS 0x000000054ac00000| PB 0x000000054ac00000| Untracked 
|1154|0x000000054b000000, 0x000000054b000000, 0x000000054b400000|  0%| F|  |TAMS 0x000000054b000000| PB 0x000000054b000000| Untracked 
|1155|0x000000054b400000, 0x000000054b400000, 0x000000054b800000|  0%| F|  |TAMS 0x000000054b400000| PB 0x000000054b400000| Untracked 
|1156|0x000000054b800000, 0x000000054b800000, 0x000000054bc00000|  0%| F|  |TAMS 0x000000054b800000| PB 0x000000054b800000| Untracked 
|1157|0x000000054bc00000, 0x000000054bc00000, 0x000000054c000000|  0%| F|  |TAMS 0x000000054bc00000| PB 0x000000054bc00000| Untracked 
|1158|0x000000054c000000, 0x000000054c000000, 0x000000054c400000|  0%| F|  |TAMS 0x000000054c000000| PB 0x000000054c000000| Untracked 
|1159|0x000000054c400000, 0x000000054c400000, 0x000000054c800000|  0%| F|  |TAMS 0x000000054c400000| PB 0x000000054c400000| Untracked 
|1160|0x000000054c800000, 0x000000054c800000, 0x000000054cc00000|  0%| F|  |TAMS 0x000000054c800000| PB 0x000000054c800000| Untracked 
|1161|0x000000054cc00000, 0x000000054cc00000, 0x000000054d000000|  0%| F|  |TAMS 0x000000054cc00000| PB 0x000000054cc00000| Untracked 
|1162|0x000000054d000000, 0x000000054d000000, 0x000000054d400000|  0%| F|  |TAMS 0x000000054d000000| PB 0x000000054d000000| Untracked 
|1163|0x000000054d400000, 0x000000054d400000, 0x000000054d800000|  0%| F|  |TAMS 0x000000054d400000| PB 0x000000054d400000| Untracked 
|1164|0x000000054d800000, 0x000000054d800000, 0x000000054dc00000|  0%| F|  |TAMS 0x000000054d800000| PB 0x000000054d800000| Untracked 
|1165|0x000000054dc00000, 0x000000054dc00000, 0x000000054e000000|  0%| F|  |TAMS 0x000000054dc00000| PB 0x000000054dc00000| Untracked 
|1166|0x000000054e000000, 0x000000054e000000, 0x000000054e400000|  0%| F|  |TAMS 0x000000054e000000| PB 0x000000054e000000| Untracked 
|1167|0x000000054e400000, 0x000000054e400000, 0x000000054e800000|  0%| F|  |TAMS 0x000000054e400000| PB 0x000000054e400000| Untracked 
|1168|0x000000054e800000, 0x000000054e800000, 0x000000054ec00000|  0%| F|  |TAMS 0x000000054e800000| PB 0x000000054e800000| Untracked 
|1169|0x000000054ec00000, 0x000000054ec00000, 0x000000054f000000|  0%| F|  |TAMS 0x000000054ec00000| PB 0x000000054ec00000| Untracked 
|1170|0x000000054f000000, 0x000000054f000000, 0x000000054f400000|  0%| F|  |TAMS 0x000000054f000000| PB 0x000000054f000000| Untracked 
|1171|0x000000054f400000, 0x000000054f400000, 0x000000054f800000|  0%| F|  |TAMS 0x000000054f400000| PB 0x000000054f400000| Untracked 
|1172|0x000000054f800000, 0x000000054f800000, 0x000000054fc00000|  0%| F|  |TAMS 0x000000054f800000| PB 0x000000054f800000| Untracked 
|1173|0x000000054fc00000, 0x000000054fc00000, 0x0000000550000000|  0%| F|  |TAMS 0x000000054fc00000| PB 0x000000054fc00000| Untracked 
|1174|0x0000000550000000, 0x0000000550000000, 0x0000000550400000|  0%| F|  |TAMS 0x0000000550000000| PB 0x0000000550000000| Untracked 
|1175|0x0000000550400000, 0x0000000550400000, 0x0000000550800000|  0%| F|  |TAMS 0x0000000550400000| PB 0x0000000550400000| Untracked 
|1176|0x0000000550800000, 0x0000000550800000, 0x0000000550c00000|  0%| F|  |TAMS 0x0000000550800000| PB 0x0000000550800000| Untracked 
|1177|0x0000000550c00000, 0x0000000550c00000, 0x0000000551000000|  0%| F|  |TAMS 0x0000000550c00000| PB 0x0000000550c00000| Untracked 
|1178|0x0000000551000000, 0x0000000551000000, 0x0000000551400000|  0%| F|  |TAMS 0x0000000551000000| PB 0x0000000551000000| Untracked 
|1179|0x0000000551400000, 0x0000000551400000, 0x0000000551800000|  0%| F|  |TAMS 0x0000000551400000| PB 0x0000000551400000| Untracked 
|1180|0x0000000551800000, 0x0000000551800000, 0x0000000551c00000|  0%| F|  |TAMS 0x0000000551800000| PB 0x0000000551800000| Untracked 
|1181|0x0000000551c00000, 0x0000000551c00000, 0x0000000552000000|  0%| F|  |TAMS 0x0000000551c00000| PB 0x0000000551c00000| Untracked 
|1182|0x0000000552000000, 0x0000000552000000, 0x0000000552400000|  0%| F|  |TAMS 0x0000000552000000| PB 0x0000000552000000| Untracked 
|1183|0x0000000552400000, 0x0000000552400000, 0x0000000552800000|  0%| F|  |TAMS 0x0000000552400000| PB 0x0000000552400000| Untracked 
|1184|0x0000000552800000, 0x0000000552800000, 0x0000000552c00000|  0%| F|  |TAMS 0x0000000552800000| PB 0x0000000552800000| Untracked 
|1185|0x0000000552c00000, 0x0000000552c00000, 0x0000000553000000|  0%| F|  |TAMS 0x0000000552c00000| PB 0x0000000552c00000| Untracked 
|1186|0x0000000553000000, 0x0000000553000000, 0x0000000553400000|  0%| F|  |TAMS 0x0000000553000000| PB 0x0000000553000000| Untracked 
|1187|0x0000000553400000, 0x0000000553400000, 0x0000000553800000|  0%| F|  |TAMS 0x0000000553400000| PB 0x0000000553400000| Untracked 
|1188|0x0000000553800000, 0x0000000553800000, 0x0000000553c00000|  0%| F|  |TAMS 0x0000000553800000| PB 0x0000000553800000| Untracked 
|1189|0x0000000553c00000, 0x0000000553c00000, 0x0000000554000000|  0%| F|  |TAMS 0x0000000553c00000| PB 0x0000000553c00000| Untracked 
|1190|0x0000000554000000, 0x0000000554000000, 0x0000000554400000|  0%| F|  |TAMS 0x0000000554000000| PB 0x0000000554000000| Untracked 
|1191|0x0000000554400000, 0x0000000554400000, 0x0000000554800000|  0%| F|  |TAMS 0x0000000554400000| PB 0x0000000554400000| Untracked 
|1192|0x0000000554800000, 0x0000000554800000, 0x0000000554c00000|  0%| F|  |TAMS 0x0000000554800000| PB 0x0000000554800000| Untracked 
|1193|0x0000000554c00000, 0x0000000554c00000, 0x0000000555000000|  0%| F|  |TAMS 0x0000000554c00000| PB 0x0000000554c00000| Untracked 
|1194|0x0000000555000000, 0x0000000555000000, 0x0000000555400000|  0%| F|  |TAMS 0x0000000555000000| PB 0x0000000555000000| Untracked 
|1195|0x0000000555400000, 0x0000000555400000, 0x0000000555800000|  0%| F|  |TAMS 0x0000000555400000| PB 0x0000000555400000| Untracked 
|1196|0x0000000555800000, 0x0000000555800000, 0x0000000555c00000|  0%| F|  |TAMS 0x0000000555800000| PB 0x0000000555800000| Untracked 
|1197|0x0000000555c00000, 0x0000000555c00000, 0x0000000556000000|  0%| F|  |TAMS 0x0000000555c00000| PB 0x0000000555c00000| Untracked 
|1198|0x0000000556000000, 0x0000000556000000, 0x0000000556400000|  0%| F|  |TAMS 0x0000000556000000| PB 0x0000000556000000| Untracked 
|1199|0x0000000556400000, 0x0000000556400000, 0x0000000556800000|  0%| F|  |TAMS 0x0000000556400000| PB 0x0000000556400000| Untracked 
|1200|0x0000000556800000, 0x0000000556800000, 0x0000000556c00000|  0%| F|  |TAMS 0x0000000556800000| PB 0x0000000556800000| Untracked 
|1201|0x0000000556c00000, 0x0000000556c00000, 0x0000000557000000|  0%| F|  |TAMS 0x0000000556c00000| PB 0x0000000556c00000| Untracked 
|1202|0x0000000557000000, 0x0000000557000000, 0x0000000557400000|  0%| F|  |TAMS 0x0000000557000000| PB 0x0000000557000000| Untracked 
|1203|0x0000000557400000, 0x0000000557400000, 0x0000000557800000|  0%| F|  |TAMS 0x0000000557400000| PB 0x0000000557400000| Untracked 
|1204|0x0000000557800000, 0x0000000557800000, 0x0000000557c00000|  0%| F|  |TAMS 0x0000000557800000| PB 0x0000000557800000| Untracked 
|1205|0x0000000557c00000, 0x0000000557c00000, 0x0000000558000000|  0%| F|  |TAMS 0x0000000557c00000| PB 0x0000000557c00000| Untracked 
|1206|0x0000000558000000, 0x0000000558000000, 0x0000000558400000|  0%| F|  |TAMS 0x0000000558000000| PB 0x0000000558000000| Untracked 
|1207|0x0000000558400000, 0x0000000558400000, 0x0000000558800000|  0%| F|  |TAMS 0x0000000558400000| PB 0x0000000558400000| Untracked 
|1208|0x0000000558800000, 0x0000000558800000, 0x0000000558c00000|  0%| F|  |TAMS 0x0000000558800000| PB 0x0000000558800000| Untracked 
|1209|0x0000000558c00000, 0x0000000558c00000, 0x0000000559000000|  0%| F|  |TAMS 0x0000000558c00000| PB 0x0000000558c00000| Untracked 
|1210|0x0000000559000000, 0x0000000559000000, 0x0000000559400000|  0%| F|  |TAMS 0x0000000559000000| PB 0x0000000559000000| Untracked 
|1211|0x0000000559400000, 0x0000000559400000, 0x0000000559800000|  0%| F|  |TAMS 0x0000000559400000| PB 0x0000000559400000| Untracked 
|1212|0x0000000559800000, 0x0000000559800000, 0x0000000559c00000|  0%| F|  |TAMS 0x0000000559800000| PB 0x0000000559800000| Untracked 
|1213|0x0000000559c00000, 0x0000000559c00000, 0x000000055a000000|  0%| F|  |TAMS 0x0000000559c00000| PB 0x0000000559c00000| Untracked 
|1214|0x000000055a000000, 0x000000055a000000, 0x000000055a400000|  0%| F|  |TAMS 0x000000055a000000| PB 0x000000055a000000| Untracked 
|1215|0x000000055a400000, 0x000000055a400000, 0x000000055a800000|  0%| F|  |TAMS 0x000000055a400000| PB 0x000000055a400000| Untracked 
|1216|0x000000055a800000, 0x000000055a800000, 0x000000055ac00000|  0%| F|  |TAMS 0x000000055a800000| PB 0x000000055a800000| Untracked 
|1217|0x000000055ac00000, 0x000000055ac00000, 0x000000055b000000|  0%| F|  |TAMS 0x000000055ac00000| PB 0x000000055ac00000| Untracked 
|1218|0x000000055b000000, 0x000000055b000000, 0x000000055b400000|  0%| F|  |TAMS 0x000000055b000000| PB 0x000000055b000000| Untracked 
|1219|0x000000055b400000, 0x000000055b400000, 0x000000055b800000|  0%| F|  |TAMS 0x000000055b400000| PB 0x000000055b400000| Untracked 
|1220|0x000000055b800000, 0x000000055b800000, 0x000000055bc00000|  0%| F|  |TAMS 0x000000055b800000| PB 0x000000055b800000| Untracked 
|1221|0x000000055bc00000, 0x000000055bc00000, 0x000000055c000000|  0%| F|  |TAMS 0x000000055bc00000| PB 0x000000055bc00000| Untracked 
|1222|0x000000055c000000, 0x000000055c000000, 0x000000055c400000|  0%| F|  |TAMS 0x000000055c000000| PB 0x000000055c000000| Untracked 
|1223|0x000000055c400000, 0x000000055c400000, 0x000000055c800000|  0%| F|  |TAMS 0x000000055c400000| PB 0x000000055c400000| Untracked 
|1224|0x000000055c800000, 0x000000055c800000, 0x000000055cc00000|  0%| F|  |TAMS 0x000000055c800000| PB 0x000000055c800000| Untracked 
|1225|0x000000055cc00000, 0x000000055cc00000, 0x000000055d000000|  0%| F|  |TAMS 0x000000055cc00000| PB 0x000000055cc00000| Untracked 
|1226|0x000000055d000000, 0x000000055d000000, 0x000000055d400000|  0%| F|  |TAMS 0x000000055d000000| PB 0x000000055d000000| Untracked 
|1227|0x000000055d400000, 0x000000055d400000, 0x000000055d800000|  0%| F|  |TAMS 0x000000055d400000| PB 0x000000055d400000| Untracked 
|1228|0x000000055d800000, 0x000000055d800000, 0x000000055dc00000|  0%| F|  |TAMS 0x000000055d800000| PB 0x000000055d800000| Untracked 
|1229|0x000000055dc00000, 0x000000055dc00000, 0x000000055e000000|  0%| F|  |TAMS 0x000000055dc00000| PB 0x000000055dc00000| Untracked 
|1230|0x000000055e000000, 0x000000055e000000, 0x000000055e400000|  0%| F|  |TAMS 0x000000055e000000| PB 0x000000055e000000| Untracked 
|1231|0x000000055e400000, 0x000000055e400000, 0x000000055e800000|  0%| F|  |TAMS 0x000000055e400000| PB 0x000000055e400000| Untracked 
|1232|0x000000055e800000, 0x000000055e800000, 0x000000055ec00000|  0%| F|  |TAMS 0x000000055e800000| PB 0x000000055e800000| Untracked 
|1233|0x000000055ec00000, 0x000000055ec00000, 0x000000055f000000|  0%| F|  |TAMS 0x000000055ec00000| PB 0x000000055ec00000| Untracked 
|1234|0x000000055f000000, 0x000000055f000000, 0x000000055f400000|  0%| F|  |TAMS 0x000000055f000000| PB 0x000000055f000000| Untracked 
|1235|0x000000055f400000, 0x000000055f400000, 0x000000055f800000|  0%| F|  |TAMS 0x000000055f400000| PB 0x000000055f400000| Untracked 
|1236|0x000000055f800000, 0x000000055f800000, 0x000000055fc00000|  0%| F|  |TAMS 0x000000055f800000| PB 0x000000055f800000| Untracked 
|1237|0x000000055fc00000, 0x000000055fc00000, 0x0000000560000000|  0%| F|  |TAMS 0x000000055fc00000| PB 0x000000055fc00000| Untracked 
|1238|0x0000000560000000, 0x0000000560000000, 0x0000000560400000|  0%| F|  |TAMS 0x0000000560000000| PB 0x0000000560000000| Untracked 
|1239|0x0000000560400000, 0x0000000560400000, 0x0000000560800000|  0%| F|  |TAMS 0x0000000560400000| PB 0x0000000560400000| Untracked 
|1240|0x0000000560800000, 0x0000000560800000, 0x0000000560c00000|  0%| F|  |TAMS 0x0000000560800000| PB 0x0000000560800000| Untracked 
|1241|0x0000000560c00000, 0x0000000560c00000, 0x0000000561000000|  0%| F|  |TAMS 0x0000000560c00000| PB 0x0000000560c00000| Untracked 
|1242|0x0000000561000000, 0x0000000561000000, 0x0000000561400000|  0%| F|  |TAMS 0x0000000561000000| PB 0x0000000561000000| Untracked 
|1243|0x0000000561400000, 0x0000000561400000, 0x0000000561800000|  0%| F|  |TAMS 0x0000000561400000| PB 0x0000000561400000| Untracked 
|1244|0x0000000561800000, 0x0000000561800000, 0x0000000561c00000|  0%| F|  |TAMS 0x0000000561800000| PB 0x0000000561800000| Untracked 
|1245|0x0000000561c00000, 0x0000000561c00000, 0x0000000562000000|  0%| F|  |TAMS 0x0000000561c00000| PB 0x0000000561c00000| Untracked 
|1246|0x0000000562000000, 0x0000000562000000, 0x0000000562400000|  0%| F|  |TAMS 0x0000000562000000| PB 0x0000000562000000| Untracked 
|1247|0x0000000562400000, 0x0000000562400000, 0x0000000562800000|  0%| F|  |TAMS 0x0000000562400000| PB 0x0000000562400000| Untracked 
|1248|0x0000000562800000, 0x0000000562800000, 0x0000000562c00000|  0%| F|  |TAMS 0x0000000562800000| PB 0x0000000562800000| Untracked 
|1249|0x0000000562c00000, 0x0000000562c00000, 0x0000000563000000|  0%| F|  |TAMS 0x0000000562c00000| PB 0x0000000562c00000| Untracked 
|1250|0x0000000563000000, 0x0000000563000000, 0x0000000563400000|  0%| F|  |TAMS 0x0000000563000000| PB 0x0000000563000000| Untracked 
|1251|0x0000000563400000, 0x0000000563400000, 0x0000000563800000|  0%| F|  |TAMS 0x0000000563400000| PB 0x0000000563400000| Untracked 
|1252|0x0000000563800000, 0x0000000563800000, 0x0000000563c00000|  0%| F|  |TAMS 0x0000000563800000| PB 0x0000000563800000| Untracked 
|1253|0x0000000563c00000, 0x0000000563c00000, 0x0000000564000000|  0%| F|  |TAMS 0x0000000563c00000| PB 0x0000000563c00000| Untracked 
|1254|0x0000000564000000, 0x0000000564000000, 0x0000000564400000|  0%| F|  |TAMS 0x0000000564000000| PB 0x0000000564000000| Untracked 
|1255|0x0000000564400000, 0x0000000564400000, 0x0000000564800000|  0%| F|  |TAMS 0x0000000564400000| PB 0x0000000564400000| Untracked 
|1256|0x0000000564800000, 0x0000000564800000, 0x0000000564c00000|  0%| F|  |TAMS 0x0000000564800000| PB 0x0000000564800000| Untracked 
|1257|0x0000000564c00000, 0x0000000564c00000, 0x0000000565000000|  0%| F|  |TAMS 0x0000000564c00000| PB 0x0000000564c00000| Untracked 
|1258|0x0000000565000000, 0x0000000565000000, 0x0000000565400000|  0%| F|  |TAMS 0x0000000565000000| PB 0x0000000565000000| Untracked 
|1259|0x0000000565400000, 0x0000000565400000, 0x0000000565800000|  0%| F|  |TAMS 0x0000000565400000| PB 0x0000000565400000| Untracked 
|1260|0x0000000565800000, 0x0000000565800000, 0x0000000565c00000|  0%| F|  |TAMS 0x0000000565800000| PB 0x0000000565800000| Untracked 
|1261|0x0000000565c00000, 0x0000000565c00000, 0x0000000566000000|  0%| F|  |TAMS 0x0000000565c00000| PB 0x0000000565c00000| Untracked 
|1262|0x0000000566000000, 0x0000000566000000, 0x0000000566400000|  0%| F|  |TAMS 0x0000000566000000| PB 0x0000000566000000| Untracked 
|1263|0x0000000566400000, 0x0000000566400000, 0x0000000566800000|  0%| F|  |TAMS 0x0000000566400000| PB 0x0000000566400000| Untracked 
|1264|0x0000000566800000, 0x0000000566800000, 0x0000000566c00000|  0%| F|  |TAMS 0x0000000566800000| PB 0x0000000566800000| Untracked 
|1265|0x0000000566c00000, 0x0000000566c00000, 0x0000000567000000|  0%| F|  |TAMS 0x0000000566c00000| PB 0x0000000566c00000| Untracked 
|1266|0x0000000567000000, 0x0000000567000000, 0x0000000567400000|  0%| F|  |TAMS 0x0000000567000000| PB 0x0000000567000000| Untracked 
|1267|0x0000000567400000, 0x0000000567400000, 0x0000000567800000|  0%| F|  |TAMS 0x0000000567400000| PB 0x0000000567400000| Untracked 
|1268|0x0000000567800000, 0x0000000567800000, 0x0000000567c00000|  0%| F|  |TAMS 0x0000000567800000| PB 0x0000000567800000| Untracked 
|1269|0x0000000567c00000, 0x0000000567c00000, 0x0000000568000000|  0%| F|  |TAMS 0x0000000567c00000| PB 0x0000000567c00000| Untracked 
|1270|0x0000000568000000, 0x0000000568000000, 0x0000000568400000|  0%| F|  |TAMS 0x0000000568000000| PB 0x0000000568000000| Untracked 
|1271|0x0000000568400000, 0x0000000568400000, 0x0000000568800000|  0%| F|  |TAMS 0x0000000568400000| PB 0x0000000568400000| Untracked 
|1272|0x0000000568800000, 0x0000000568800000, 0x0000000568c00000|  0%| F|  |TAMS 0x0000000568800000| PB 0x0000000568800000| Untracked 
|1273|0x0000000568c00000, 0x0000000568c00000, 0x0000000569000000|  0%| F|  |TAMS 0x0000000568c00000| PB 0x0000000568c00000| Untracked 
|1274|0x0000000569000000, 0x0000000569000000, 0x0000000569400000|  0%| F|  |TAMS 0x0000000569000000| PB 0x0000000569000000| Untracked 
|1275|0x0000000569400000, 0x0000000569400000, 0x0000000569800000|  0%| F|  |TAMS 0x0000000569400000| PB 0x0000000569400000| Untracked 
|1276|0x0000000569800000, 0x0000000569800000, 0x0000000569c00000|  0%| F|  |TAMS 0x0000000569800000| PB 0x0000000569800000| Untracked 
|1277|0x0000000569c00000, 0x0000000569c00000, 0x000000056a000000|  0%| F|  |TAMS 0x0000000569c00000| PB 0x0000000569c00000| Untracked 
|1278|0x000000056a000000, 0x000000056a000000, 0x000000056a400000|  0%| F|  |TAMS 0x000000056a000000| PB 0x000000056a000000| Untracked 
|1279|0x000000056a400000, 0x000000056a400000, 0x000000056a800000|  0%| F|  |TAMS 0x000000056a400000| PB 0x000000056a400000| Untracked 
|1280|0x000000056a800000, 0x000000056a800000, 0x000000056ac00000|  0%| F|  |TAMS 0x000000056a800000| PB 0x000000056a800000| Untracked 
|1281|0x000000056ac00000, 0x000000056ac00000, 0x000000056b000000|  0%| F|  |TAMS 0x000000056ac00000| PB 0x000000056ac00000| Untracked 
|1282|0x000000056b000000, 0x000000056b000000, 0x000000056b400000|  0%| F|  |TAMS 0x000000056b000000| PB 0x000000056b000000| Untracked 
|1283|0x000000056b400000, 0x000000056b400000, 0x000000056b800000|  0%| F|  |TAMS 0x000000056b400000| PB 0x000000056b400000| Untracked 
|1284|0x000000056b800000, 0x000000056b800000, 0x000000056bc00000|  0%| F|  |TAMS 0x000000056b800000| PB 0x000000056b800000| Untracked 
|1285|0x000000056bc00000, 0x000000056bc00000, 0x000000056c000000|  0%| F|  |TAMS 0x000000056bc00000| PB 0x000000056bc00000| Untracked 
|1286|0x000000056c000000, 0x000000056c000000, 0x000000056c400000|  0%| F|  |TAMS 0x000000056c000000| PB 0x000000056c000000| Untracked 
|1287|0x000000056c400000, 0x000000056c400000, 0x000000056c800000|  0%| F|  |TAMS 0x000000056c400000| PB 0x000000056c400000| Untracked 
|1288|0x000000056c800000, 0x000000056c800000, 0x000000056cc00000|  0%| F|  |TAMS 0x000000056c800000| PB 0x000000056c800000| Untracked 
|1289|0x000000056cc00000, 0x000000056cc00000, 0x000000056d000000|  0%| F|  |TAMS 0x000000056cc00000| PB 0x000000056cc00000| Untracked 
|1290|0x000000056d000000, 0x000000056d000000, 0x000000056d400000|  0%| F|  |TAMS 0x000000056d000000| PB 0x000000056d000000| Untracked 
|1291|0x000000056d400000, 0x000000056d400000, 0x000000056d800000|  0%| F|  |TAMS 0x000000056d400000| PB 0x000000056d400000| Untracked 
|1292|0x000000056d800000, 0x000000056d800000, 0x000000056dc00000|  0%| F|  |TAMS 0x000000056d800000| PB 0x000000056d800000| Untracked 
|1293|0x000000056dc00000, 0x000000056dc00000, 0x000000056e000000|  0%| F|  |TAMS 0x000000056dc00000| PB 0x000000056dc00000| Untracked 
|1294|0x000000056e000000, 0x000000056e000000, 0x000000056e400000|  0%| F|  |TAMS 0x000000056e000000| PB 0x000000056e000000| Untracked 
|1295|0x000000056e400000, 0x000000056e400000, 0x000000056e800000|  0%| F|  |TAMS 0x000000056e400000| PB 0x000000056e400000| Untracked 
|1296|0x000000056e800000, 0x000000056e800000, 0x000000056ec00000|  0%| F|  |TAMS 0x000000056e800000| PB 0x000000056e800000| Untracked 
|1297|0x000000056ec00000, 0x000000056ec00000, 0x000000056f000000|  0%| F|  |TAMS 0x000000056ec00000| PB 0x000000056ec00000| Untracked 
|1298|0x000000056f000000, 0x000000056f000000, 0x000000056f400000|  0%| F|  |TAMS 0x000000056f000000| PB 0x000000056f000000| Untracked 
|1299|0x000000056f400000, 0x000000056f400000, 0x000000056f800000|  0%| F|  |TAMS 0x000000056f400000| PB 0x000000056f400000| Untracked 
|1300|0x000000056f800000, 0x000000056f800000, 0x000000056fc00000|  0%| F|  |TAMS 0x000000056f800000| PB 0x000000056f800000| Untracked 
|1301|0x000000056fc00000, 0x000000056fc00000, 0x0000000570000000|  0%| F|  |TAMS 0x000000056fc00000| PB 0x000000056fc00000| Untracked 
|1302|0x0000000570000000, 0x0000000570000000, 0x0000000570400000|  0%| F|  |TAMS 0x0000000570000000| PB 0x0000000570000000| Untracked 
|1303|0x0000000570400000, 0x0000000570400000, 0x0000000570800000|  0%| F|  |TAMS 0x0000000570400000| PB 0x0000000570400000| Untracked 
|1304|0x0000000570800000, 0x0000000570800000, 0x0000000570c00000|  0%| F|  |TAMS 0x0000000570800000| PB 0x0000000570800000| Untracked 
|1305|0x0000000570c00000, 0x0000000570c00000, 0x0000000571000000|  0%| F|  |TAMS 0x0000000570c00000| PB 0x0000000570c00000| Untracked 
|1306|0x0000000571000000, 0x0000000571000000, 0x0000000571400000|  0%| F|  |TAMS 0x0000000571000000| PB 0x0000000571000000| Untracked 
|1307|0x0000000571400000, 0x0000000571400000, 0x0000000571800000|  0%| F|  |TAMS 0x0000000571400000| PB 0x0000000571400000| Untracked 
|1308|0x0000000571800000, 0x0000000571800000, 0x0000000571c00000|  0%| F|  |TAMS 0x0000000571800000| PB 0x0000000571800000| Untracked 
|1309|0x0000000571c00000, 0x0000000571c00000, 0x0000000572000000|  0%| F|  |TAMS 0x0000000571c00000| PB 0x0000000571c00000| Untracked 
|1310|0x0000000572000000, 0x0000000572000000, 0x0000000572400000|  0%| F|  |TAMS 0x0000000572000000| PB 0x0000000572000000| Untracked 
|1311|0x0000000572400000, 0x0000000572400000, 0x0000000572800000|  0%| F|  |TAMS 0x0000000572400000| PB 0x0000000572400000| Untracked 
|1312|0x0000000572800000, 0x0000000572800000, 0x0000000572c00000|  0%| F|  |TAMS 0x0000000572800000| PB 0x0000000572800000| Untracked 
|1313|0x0000000572c00000, 0x0000000572c00000, 0x0000000573000000|  0%| F|  |TAMS 0x0000000572c00000| PB 0x0000000572c00000| Untracked 
|1314|0x0000000573000000, 0x0000000573000000, 0x0000000573400000|  0%| F|  |TAMS 0x0000000573000000| PB 0x0000000573000000| Untracked 
|1315|0x0000000573400000, 0x0000000573400000, 0x0000000573800000|  0%| F|  |TAMS 0x0000000573400000| PB 0x0000000573400000| Untracked 
|1316|0x0000000573800000, 0x0000000573800000, 0x0000000573c00000|  0%| F|  |TAMS 0x0000000573800000| PB 0x0000000573800000| Untracked 
|1317|0x0000000573c00000, 0x0000000573c00000, 0x0000000574000000|  0%| F|  |TAMS 0x0000000573c00000| PB 0x0000000573c00000| Untracked 
|1318|0x0000000574000000, 0x0000000574000000, 0x0000000574400000|  0%| F|  |TAMS 0x0000000574000000| PB 0x0000000574000000| Untracked 
|1319|0x0000000574400000, 0x0000000574400000, 0x0000000574800000|  0%| F|  |TAMS 0x0000000574400000| PB 0x0000000574400000| Untracked 
|1320|0x0000000574800000, 0x0000000574800000, 0x0000000574c00000|  0%| F|  |TAMS 0x0000000574800000| PB 0x0000000574800000| Untracked 
|1321|0x0000000574c00000, 0x0000000574c00000, 0x0000000575000000|  0%| F|  |TAMS 0x0000000574c00000| PB 0x0000000574c00000| Untracked 
|1322|0x0000000575000000, 0x0000000575000000, 0x0000000575400000|  0%| F|  |TAMS 0x0000000575000000| PB 0x0000000575000000| Untracked 
|1323|0x0000000575400000, 0x0000000575400000, 0x0000000575800000|  0%| F|  |TAMS 0x0000000575400000| PB 0x0000000575400000| Untracked 
|1324|0x0000000575800000, 0x0000000575800000, 0x0000000575c00000|  0%| F|  |TAMS 0x0000000575800000| PB 0x0000000575800000| Untracked 
|1325|0x0000000575c00000, 0x0000000575c00000, 0x0000000576000000|  0%| F|  |TAMS 0x0000000575c00000| PB 0x0000000575c00000| Untracked 
|1326|0x0000000576000000, 0x0000000576000000, 0x0000000576400000|  0%| F|  |TAMS 0x0000000576000000| PB 0x0000000576000000| Untracked 
|1327|0x0000000576400000, 0x0000000576400000, 0x0000000576800000|  0%| F|  |TAMS 0x0000000576400000| PB 0x0000000576400000| Untracked 
|1328|0x0000000576800000, 0x0000000576800000, 0x0000000576c00000|  0%| F|  |TAMS 0x0000000576800000| PB 0x0000000576800000| Untracked 
|1329|0x0000000576c00000, 0x0000000576c00000, 0x0000000577000000|  0%| F|  |TAMS 0x0000000576c00000| PB 0x0000000576c00000| Untracked 
|1330|0x0000000577000000, 0x0000000577000000, 0x0000000577400000|  0%| F|  |TAMS 0x0000000577000000| PB 0x0000000577000000| Untracked 
|1331|0x0000000577400000, 0x0000000577400000, 0x0000000577800000|  0%| F|  |TAMS 0x0000000577400000| PB 0x0000000577400000| Untracked 
|1332|0x0000000577800000, 0x0000000577800000, 0x0000000577c00000|  0%| F|  |TAMS 0x0000000577800000| PB 0x0000000577800000| Untracked 
|1333|0x0000000577c00000, 0x0000000577c00000, 0x0000000578000000|  0%| F|  |TAMS 0x0000000577c00000| PB 0x0000000577c00000| Untracked 
|1334|0x0000000578000000, 0x0000000578000000, 0x0000000578400000|  0%| F|  |TAMS 0x0000000578000000| PB 0x0000000578000000| Untracked 
|1335|0x0000000578400000, 0x0000000578400000, 0x0000000578800000|  0%| F|  |TAMS 0x0000000578400000| PB 0x0000000578400000| Untracked 
|1336|0x0000000578800000, 0x0000000578800000, 0x0000000578c00000|  0%| F|  |TAMS 0x0000000578800000| PB 0x0000000578800000| Untracked 
|1337|0x0000000578c00000, 0x0000000578c00000, 0x0000000579000000|  0%| F|  |TAMS 0x0000000578c00000| PB 0x0000000578c00000| Untracked 
|1338|0x0000000579000000, 0x0000000579000000, 0x0000000579400000|  0%| F|  |TAMS 0x0000000579000000| PB 0x0000000579000000| Untracked 
|1339|0x0000000579400000, 0x0000000579400000, 0x0000000579800000|  0%| F|  |TAMS 0x0000000579400000| PB 0x0000000579400000| Untracked 
|1340|0x0000000579800000, 0x0000000579800000, 0x0000000579c00000|  0%| F|  |TAMS 0x0000000579800000| PB 0x0000000579800000| Untracked 
|1341|0x0000000579c00000, 0x0000000579c00000, 0x000000057a000000|  0%| F|  |TAMS 0x0000000579c00000| PB 0x0000000579c00000| Untracked 
|1342|0x000000057a000000, 0x000000057a000000, 0x000000057a400000|  0%| F|  |TAMS 0x000000057a000000| PB 0x000000057a000000| Untracked 
|1343|0x000000057a400000, 0x000000057a400000, 0x000000057a800000|  0%| F|  |TAMS 0x000000057a400000| PB 0x000000057a400000| Untracked 
|1344|0x000000057a800000, 0x000000057a800000, 0x000000057ac00000|  0%| F|  |TAMS 0x000000057a800000| PB 0x000000057a800000| Untracked 
|1345|0x000000057ac00000, 0x000000057ac00000, 0x000000057b000000|  0%| F|  |TAMS 0x000000057ac00000| PB 0x000000057ac00000| Untracked 
|1346|0x000000057b000000, 0x000000057b000000, 0x000000057b400000|  0%| F|  |TAMS 0x000000057b000000| PB 0x000000057b000000| Untracked 
|1347|0x000000057b400000, 0x000000057b400000, 0x000000057b800000|  0%| F|  |TAMS 0x000000057b400000| PB 0x000000057b400000| Untracked 
|1348|0x000000057b800000, 0x000000057b800000, 0x000000057bc00000|  0%| F|  |TAMS 0x000000057b800000| PB 0x000000057b800000| Untracked 
|1349|0x000000057bc00000, 0x000000057bc00000, 0x000000057c000000|  0%| F|  |TAMS 0x000000057bc00000| PB 0x000000057bc00000| Untracked 
|1350|0x000000057c000000, 0x000000057c000000, 0x000000057c400000|  0%| F|  |TAMS 0x000000057c000000| PB 0x000000057c000000| Untracked 
|1351|0x000000057c400000, 0x000000057c400000, 0x000000057c800000|  0%| F|  |TAMS 0x000000057c400000| PB 0x000000057c400000| Untracked 
|1352|0x000000057c800000, 0x000000057c800000, 0x000000057cc00000|  0%| F|  |TAMS 0x000000057c800000| PB 0x000000057c800000| Untracked 
|1353|0x000000057cc00000, 0x000000057cc00000, 0x000000057d000000|  0%| F|  |TAMS 0x000000057cc00000| PB 0x000000057cc00000| Untracked 
|1354|0x000000057d000000, 0x000000057d000000, 0x000000057d400000|  0%| F|  |TAMS 0x000000057d000000| PB 0x000000057d000000| Untracked 
|1355|0x000000057d400000, 0x000000057d400000, 0x000000057d800000|  0%| F|  |TAMS 0x000000057d400000| PB 0x000000057d400000| Untracked 
|1356|0x000000057d800000, 0x000000057d800000, 0x000000057dc00000|  0%| F|  |TAMS 0x000000057d800000| PB 0x000000057d800000| Untracked 
|1357|0x000000057dc00000, 0x000000057dc00000, 0x000000057e000000|  0%| F|  |TAMS 0x000000057dc00000| PB 0x000000057dc00000| Untracked 
|1358|0x000000057e000000, 0x000000057e000000, 0x000000057e400000|  0%| F|  |TAMS 0x000000057e000000| PB 0x000000057e000000| Untracked 
|1359|0x000000057e400000, 0x000000057e400000, 0x000000057e800000|  0%| F|  |TAMS 0x000000057e400000| PB 0x000000057e400000| Untracked 
|1360|0x000000057e800000, 0x000000057e800000, 0x000000057ec00000|  0%| F|  |TAMS 0x000000057e800000| PB 0x000000057e800000| Untracked 
|1361|0x000000057ec00000, 0x000000057ec00000, 0x000000057f000000|  0%| F|  |TAMS 0x000000057ec00000| PB 0x000000057ec00000| Untracked 
|1362|0x000000057f000000, 0x000000057f000000, 0x000000057f400000|  0%| F|  |TAMS 0x000000057f000000| PB 0x000000057f000000| Untracked 
|1363|0x000000057f400000, 0x000000057f400000, 0x000000057f800000|  0%| F|  |TAMS 0x000000057f400000| PB 0x000000057f400000| Untracked 
|1364|0x000000057f800000, 0x000000057f800000, 0x000000057fc00000|  0%| F|  |TAMS 0x000000057f800000| PB 0x000000057f800000| Untracked 
|1365|0x000000057fc00000, 0x000000057fc00000, 0x0000000580000000|  0%| F|  |TAMS 0x000000057fc00000| PB 0x000000057fc00000| Untracked 
|1366|0x0000000580000000, 0x0000000580000000, 0x0000000580400000|  0%| F|  |TAMS 0x0000000580000000| PB 0x0000000580000000| Untracked 
|1367|0x0000000580400000, 0x0000000580400000, 0x0000000580800000|  0%| F|  |TAMS 0x0000000580400000| PB 0x0000000580400000| Untracked 
|1368|0x0000000580800000, 0x0000000580800000, 0x0000000580c00000|  0%| F|  |TAMS 0x0000000580800000| PB 0x0000000580800000| Untracked 
|1369|0x0000000580c00000, 0x0000000580c00000, 0x0000000581000000|  0%| F|  |TAMS 0x0000000580c00000| PB 0x0000000580c00000| Untracked 
|1370|0x0000000581000000, 0x0000000581000000, 0x0000000581400000|  0%| F|  |TAMS 0x0000000581000000| PB 0x0000000581000000| Untracked 
|1371|0x0000000581400000, 0x0000000581400000, 0x0000000581800000|  0%| F|  |TAMS 0x0000000581400000| PB 0x0000000581400000| Untracked 
|1372|0x0000000581800000, 0x0000000581800000, 0x0000000581c00000|  0%| F|  |TAMS 0x0000000581800000| PB 0x0000000581800000| Untracked 
|1373|0x0000000581c00000, 0x0000000581c00000, 0x0000000582000000|  0%| F|  |TAMS 0x0000000581c00000| PB 0x0000000581c00000| Untracked 
|1374|0x0000000582000000, 0x0000000582000000, 0x0000000582400000|  0%| F|  |TAMS 0x0000000582000000| PB 0x0000000582000000| Untracked 
|1375|0x0000000582400000, 0x0000000582400000, 0x0000000582800000|  0%| F|  |TAMS 0x0000000582400000| PB 0x0000000582400000| Untracked 
|1376|0x0000000582800000, 0x0000000582800000, 0x0000000582c00000|  0%| F|  |TAMS 0x0000000582800000| PB 0x0000000582800000| Untracked 
|1377|0x0000000582c00000, 0x0000000582c00000, 0x0000000583000000|  0%| F|  |TAMS 0x0000000582c00000| PB 0x0000000582c00000| Untracked 
|1378|0x0000000583000000, 0x0000000583000000, 0x0000000583400000|  0%| F|  |TAMS 0x0000000583000000| PB 0x0000000583000000| Untracked 
|1379|0x0000000583400000, 0x0000000583400000, 0x0000000583800000|  0%| F|  |TAMS 0x0000000583400000| PB 0x0000000583400000| Untracked 
|1380|0x0000000583800000, 0x0000000583800000, 0x0000000583c00000|  0%| F|  |TAMS 0x0000000583800000| PB 0x0000000583800000| Untracked 
|1381|0x0000000583c00000, 0x0000000583c00000, 0x0000000584000000|  0%| F|  |TAMS 0x0000000583c00000| PB 0x0000000583c00000| Untracked 
|1382|0x0000000584000000, 0x0000000584000000, 0x0000000584400000|  0%| F|  |TAMS 0x0000000584000000| PB 0x0000000584000000| Untracked 
|1383|0x0000000584400000, 0x0000000584400000, 0x0000000584800000|  0%| F|  |TAMS 0x0000000584400000| PB 0x0000000584400000| Untracked 
|1384|0x0000000584800000, 0x0000000584800000, 0x0000000584c00000|  0%| F|  |TAMS 0x0000000584800000| PB 0x0000000584800000| Untracked 
|1385|0x0000000584c00000, 0x0000000584c00000, 0x0000000585000000|  0%| F|  |TAMS 0x0000000584c00000| PB 0x0000000584c00000| Untracked 
|1386|0x0000000585000000, 0x0000000585000000, 0x0000000585400000|  0%| F|  |TAMS 0x0000000585000000| PB 0x0000000585000000| Untracked 
|1387|0x0000000585400000, 0x0000000585400000, 0x0000000585800000|  0%| F|  |TAMS 0x0000000585400000| PB 0x0000000585400000| Untracked 
|1388|0x0000000585800000, 0x0000000585800000, 0x0000000585c00000|  0%| F|  |TAMS 0x0000000585800000| PB 0x0000000585800000| Untracked 
|1389|0x0000000585c00000, 0x0000000585c00000, 0x0000000586000000|  0%| F|  |TAMS 0x0000000585c00000| PB 0x0000000585c00000| Untracked 
|1390|0x0000000586000000, 0x0000000586000000, 0x0000000586400000|  0%| F|  |TAMS 0x0000000586000000| PB 0x0000000586000000| Untracked 
|1391|0x0000000586400000, 0x0000000586400000, 0x0000000586800000|  0%| F|  |TAMS 0x0000000586400000| PB 0x0000000586400000| Untracked 
|1392|0x0000000586800000, 0x0000000586800000, 0x0000000586c00000|  0%| F|  |TAMS 0x0000000586800000| PB 0x0000000586800000| Untracked 
|1393|0x0000000586c00000, 0x0000000586c00000, 0x0000000587000000|  0%| F|  |TAMS 0x0000000586c00000| PB 0x0000000586c00000| Untracked 
|1394|0x0000000587000000, 0x0000000587000000, 0x0000000587400000|  0%| F|  |TAMS 0x0000000587000000| PB 0x0000000587000000| Untracked 
|1395|0x0000000587400000, 0x0000000587400000, 0x0000000587800000|  0%| F|  |TAMS 0x0000000587400000| PB 0x0000000587400000| Untracked 
|1396|0x0000000587800000, 0x0000000587800000, 0x0000000587c00000|  0%| F|  |TAMS 0x0000000587800000| PB 0x0000000587800000| Untracked 
|1397|0x0000000587c00000, 0x0000000587c00000, 0x0000000588000000|  0%| F|  |TAMS 0x0000000587c00000| PB 0x0000000587c00000| Untracked 
|1398|0x0000000588000000, 0x0000000588000000, 0x0000000588400000|  0%| F|  |TAMS 0x0000000588000000| PB 0x0000000588000000| Untracked 
|1399|0x0000000588400000, 0x0000000588400000, 0x0000000588800000|  0%| F|  |TAMS 0x0000000588400000| PB 0x0000000588400000| Untracked 
|1400|0x0000000588800000, 0x0000000588800000, 0x0000000588c00000|  0%| F|  |TAMS 0x0000000588800000| PB 0x0000000588800000| Untracked 
|1401|0x0000000588c00000, 0x0000000588c00000, 0x0000000589000000|  0%| F|  |TAMS 0x0000000588c00000| PB 0x0000000588c00000| Untracked 
|1402|0x0000000589000000, 0x0000000589000000, 0x0000000589400000|  0%| F|  |TAMS 0x0000000589000000| PB 0x0000000589000000| Untracked 
|1403|0x0000000589400000, 0x0000000589400000, 0x0000000589800000|  0%| F|  |TAMS 0x0000000589400000| PB 0x0000000589400000| Untracked 
|1404|0x0000000589800000, 0x0000000589800000, 0x0000000589c00000|  0%| F|  |TAMS 0x0000000589800000| PB 0x0000000589800000| Untracked 
|1405|0x0000000589c00000, 0x0000000589c00000, 0x000000058a000000|  0%| F|  |TAMS 0x0000000589c00000| PB 0x0000000589c00000| Untracked 
|1406|0x000000058a000000, 0x000000058a000000, 0x000000058a400000|  0%| F|  |TAMS 0x000000058a000000| PB 0x000000058a000000| Untracked 
|1407|0x000000058a400000, 0x000000058a400000, 0x000000058a800000|  0%| F|  |TAMS 0x000000058a400000| PB 0x000000058a400000| Untracked 
|1408|0x000000058a800000, 0x000000058a800000, 0x000000058ac00000|  0%| F|  |TAMS 0x000000058a800000| PB 0x000000058a800000| Untracked 
|1409|0x000000058ac00000, 0x000000058ac00000, 0x000000058b000000|  0%| F|  |TAMS 0x000000058ac00000| PB 0x000000058ac00000| Untracked 
|1410|0x000000058b000000, 0x000000058b000000, 0x000000058b400000|  0%| F|  |TAMS 0x000000058b000000| PB 0x000000058b000000| Untracked 
|1411|0x000000058b400000, 0x000000058b400000, 0x000000058b800000|  0%| F|  |TAMS 0x000000058b400000| PB 0x000000058b400000| Untracked 
|1412|0x000000058b800000, 0x000000058b800000, 0x000000058bc00000|  0%| F|  |TAMS 0x000000058b800000| PB 0x000000058b800000| Untracked 
|1413|0x000000058bc00000, 0x000000058bc00000, 0x000000058c000000|  0%| F|  |TAMS 0x000000058bc00000| PB 0x000000058bc00000| Untracked 
|1414|0x000000058c000000, 0x000000058c000000, 0x000000058c400000|  0%| F|  |TAMS 0x000000058c000000| PB 0x000000058c000000| Untracked 
|1415|0x000000058c400000, 0x000000058c400000, 0x000000058c800000|  0%| F|  |TAMS 0x000000058c400000| PB 0x000000058c400000| Untracked 
|1416|0x000000058c800000, 0x000000058c800000, 0x000000058cc00000|  0%| F|  |TAMS 0x000000058c800000| PB 0x000000058c800000| Untracked 
|1417|0x000000058cc00000, 0x000000058cc00000, 0x000000058d000000|  0%| F|  |TAMS 0x000000058cc00000| PB 0x000000058cc00000| Untracked 
|1418|0x000000058d000000, 0x000000058d000000, 0x000000058d400000|  0%| F|  |TAMS 0x000000058d000000| PB 0x000000058d000000| Untracked 
|1419|0x000000058d400000, 0x000000058d400000, 0x000000058d800000|  0%| F|  |TAMS 0x000000058d400000| PB 0x000000058d400000| Untracked 
|1420|0x000000058d800000, 0x000000058d800000, 0x000000058dc00000|  0%| F|  |TAMS 0x000000058d800000| PB 0x000000058d800000| Untracked 
|1421|0x000000058dc00000, 0x000000058dc00000, 0x000000058e000000|  0%| F|  |TAMS 0x000000058dc00000| PB 0x000000058dc00000| Untracked 
|1422|0x000000058e000000, 0x000000058e000000, 0x000000058e400000|  0%| F|  |TAMS 0x000000058e000000| PB 0x000000058e000000| Untracked 
|1423|0x000000058e400000, 0x000000058e400000, 0x000000058e800000|  0%| F|  |TAMS 0x000000058e400000| PB 0x000000058e400000| Untracked 
|1424|0x000000058e800000, 0x000000058e800000, 0x000000058ec00000|  0%| F|  |TAMS 0x000000058e800000| PB 0x000000058e800000| Untracked 
|1425|0x000000058ec00000, 0x000000058ec00000, 0x000000058f000000|  0%| F|  |TAMS 0x000000058ec00000| PB 0x000000058ec00000| Untracked 
|1426|0x000000058f000000, 0x000000058f000000, 0x000000058f400000|  0%| F|  |TAMS 0x000000058f000000| PB 0x000000058f000000| Untracked 
|1427|0x000000058f400000, 0x000000058f400000, 0x000000058f800000|  0%| F|  |TAMS 0x000000058f400000| PB 0x000000058f400000| Untracked 
|1428|0x000000058f800000, 0x000000058f800000, 0x000000058fc00000|  0%| F|  |TAMS 0x000000058f800000| PB 0x000000058f800000| Untracked 
|1429|0x000000058fc00000, 0x000000058fc00000, 0x0000000590000000|  0%| F|  |TAMS 0x000000058fc00000| PB 0x000000058fc00000| Untracked 
|1430|0x0000000590000000, 0x0000000590000000, 0x0000000590400000|  0%| F|  |TAMS 0x0000000590000000| PB 0x0000000590000000| Untracked 
|1431|0x0000000590400000, 0x0000000590400000, 0x0000000590800000|  0%| F|  |TAMS 0x0000000590400000| PB 0x0000000590400000| Untracked 
|1432|0x0000000590800000, 0x0000000590800000, 0x0000000590c00000|  0%| F|  |TAMS 0x0000000590800000| PB 0x0000000590800000| Untracked 
|1433|0x0000000590c00000, 0x0000000590c00000, 0x0000000591000000|  0%| F|  |TAMS 0x0000000590c00000| PB 0x0000000590c00000| Untracked 
|1434|0x0000000591000000, 0x0000000591000000, 0x0000000591400000|  0%| F|  |TAMS 0x0000000591000000| PB 0x0000000591000000| Untracked 
|1435|0x0000000591400000, 0x0000000591400000, 0x0000000591800000|  0%| F|  |TAMS 0x0000000591400000| PB 0x0000000591400000| Untracked 
|1436|0x0000000591800000, 0x0000000591800000, 0x0000000591c00000|  0%| F|  |TAMS 0x0000000591800000| PB 0x0000000591800000| Untracked 
|1437|0x0000000591c00000, 0x0000000591c00000, 0x0000000592000000|  0%| F|  |TAMS 0x0000000591c00000| PB 0x0000000591c00000| Untracked 
|1438|0x0000000592000000, 0x0000000592000000, 0x0000000592400000|  0%| F|  |TAMS 0x0000000592000000| PB 0x0000000592000000| Untracked 
|1439|0x0000000592400000, 0x0000000592400000, 0x0000000592800000|  0%| F|  |TAMS 0x0000000592400000| PB 0x0000000592400000| Untracked 
|1440|0x0000000592800000, 0x0000000592800000, 0x0000000592c00000|  0%| F|  |TAMS 0x0000000592800000| PB 0x0000000592800000| Untracked 
|1441|0x0000000592c00000, 0x0000000592c00000, 0x0000000593000000|  0%| F|  |TAMS 0x0000000592c00000| PB 0x0000000592c00000| Untracked 
|1442|0x0000000593000000, 0x0000000593000000, 0x0000000593400000|  0%| F|  |TAMS 0x0000000593000000| PB 0x0000000593000000| Untracked 
|1443|0x0000000593400000, 0x0000000593400000, 0x0000000593800000|  0%| F|  |TAMS 0x0000000593400000| PB 0x0000000593400000| Untracked 
|1444|0x0000000593800000, 0x0000000593800000, 0x0000000593c00000|  0%| F|  |TAMS 0x0000000593800000| PB 0x0000000593800000| Untracked 
|1445|0x0000000593c00000, 0x0000000593c00000, 0x0000000594000000|  0%| F|  |TAMS 0x0000000593c00000| PB 0x0000000593c00000| Untracked 
|1446|0x0000000594000000, 0x0000000594000000, 0x0000000594400000|  0%| F|  |TAMS 0x0000000594000000| PB 0x0000000594000000| Untracked 
|1447|0x0000000594400000, 0x0000000594400000, 0x0000000594800000|  0%| F|  |TAMS 0x0000000594400000| PB 0x0000000594400000| Untracked 
|1448|0x0000000594800000, 0x0000000594800000, 0x0000000594c00000|  0%| F|  |TAMS 0x0000000594800000| PB 0x0000000594800000| Untracked 
|1449|0x0000000594c00000, 0x0000000594c00000, 0x0000000595000000|  0%| F|  |TAMS 0x0000000594c00000| PB 0x0000000594c00000| Untracked 
|1450|0x0000000595000000, 0x0000000595000000, 0x0000000595400000|  0%| F|  |TAMS 0x0000000595000000| PB 0x0000000595000000| Untracked 
|1451|0x0000000595400000, 0x0000000595400000, 0x0000000595800000|  0%| F|  |TAMS 0x0000000595400000| PB 0x0000000595400000| Untracked 
|1452|0x0000000595800000, 0x0000000595800000, 0x0000000595c00000|  0%| F|  |TAMS 0x0000000595800000| PB 0x0000000595800000| Untracked 
|1453|0x0000000595c00000, 0x0000000595c00000, 0x0000000596000000|  0%| F|  |TAMS 0x0000000595c00000| PB 0x0000000595c00000| Untracked 
|1454|0x0000000596000000, 0x0000000596000000, 0x0000000596400000|  0%| F|  |TAMS 0x0000000596000000| PB 0x0000000596000000| Untracked 
|1455|0x0000000596400000, 0x0000000596400000, 0x0000000596800000|  0%| F|  |TAMS 0x0000000596400000| PB 0x0000000596400000| Untracked 
|1456|0x0000000596800000, 0x0000000596800000, 0x0000000596c00000|  0%| F|  |TAMS 0x0000000596800000| PB 0x0000000596800000| Untracked 
|1457|0x0000000596c00000, 0x0000000596c00000, 0x0000000597000000|  0%| F|  |TAMS 0x0000000596c00000| PB 0x0000000596c00000| Untracked 
|1458|0x0000000597000000, 0x0000000597000000, 0x0000000597400000|  0%| F|  |TAMS 0x0000000597000000| PB 0x0000000597000000| Untracked 
|1459|0x0000000597400000, 0x0000000597400000, 0x0000000597800000|  0%| F|  |TAMS 0x0000000597400000| PB 0x0000000597400000| Untracked 
|1460|0x0000000597800000, 0x0000000597800000, 0x0000000597c00000|  0%| F|  |TAMS 0x0000000597800000| PB 0x0000000597800000| Untracked 
|1461|0x0000000597c00000, 0x0000000597c00000, 0x0000000598000000|  0%| F|  |TAMS 0x0000000597c00000| PB 0x0000000597c00000| Untracked 
|1462|0x0000000598000000, 0x0000000598000000, 0x0000000598400000|  0%| F|  |TAMS 0x0000000598000000| PB 0x0000000598000000| Untracked 
|1463|0x0000000598400000, 0x0000000598400000, 0x0000000598800000|  0%| F|  |TAMS 0x0000000598400000| PB 0x0000000598400000| Untracked 
|1464|0x0000000598800000, 0x0000000598800000, 0x0000000598c00000|  0%| F|  |TAMS 0x0000000598800000| PB 0x0000000598800000| Untracked 
|1465|0x0000000598c00000, 0x0000000598c00000, 0x0000000599000000|  0%| F|  |TAMS 0x0000000598c00000| PB 0x0000000598c00000| Untracked 
|1466|0x0000000599000000, 0x0000000599000000, 0x0000000599400000|  0%| F|  |TAMS 0x0000000599000000| PB 0x0000000599000000| Untracked 
|1467|0x0000000599400000, 0x0000000599400000, 0x0000000599800000|  0%| F|  |TAMS 0x0000000599400000| PB 0x0000000599400000| Untracked 
|1468|0x0000000599800000, 0x0000000599800000, 0x0000000599c00000|  0%| F|  |TAMS 0x0000000599800000| PB 0x0000000599800000| Untracked 
|1469|0x0000000599c00000, 0x0000000599c00000, 0x000000059a000000|  0%| F|  |TAMS 0x0000000599c00000| PB 0x0000000599c00000| Untracked 
|1470|0x000000059a000000, 0x000000059a000000, 0x000000059a400000|  0%| F|  |TAMS 0x000000059a000000| PB 0x000000059a000000| Untracked 
|1471|0x000000059a400000, 0x000000059a400000, 0x000000059a800000|  0%| F|  |TAMS 0x000000059a400000| PB 0x000000059a400000| Untracked 
|1472|0x000000059a800000, 0x000000059a800000, 0x000000059ac00000|  0%| F|  |TAMS 0x000000059a800000| PB 0x000000059a800000| Untracked 
|1473|0x000000059ac00000, 0x000000059ac00000, 0x000000059b000000|  0%| F|  |TAMS 0x000000059ac00000| PB 0x000000059ac00000| Untracked 
|1474|0x000000059b000000, 0x000000059b000000, 0x000000059b400000|  0%| F|  |TAMS 0x000000059b000000| PB 0x000000059b000000| Untracked 
|1475|0x000000059b400000, 0x000000059b400000, 0x000000059b800000|  0%| F|  |TAMS 0x000000059b400000| PB 0x000000059b400000| Untracked 
|1476|0x000000059b800000, 0x000000059b800000, 0x000000059bc00000|  0%| F|  |TAMS 0x000000059b800000| PB 0x000000059b800000| Untracked 
|1477|0x000000059bc00000, 0x000000059bc00000, 0x000000059c000000|  0%| F|  |TAMS 0x000000059bc00000| PB 0x000000059bc00000| Untracked 
|1478|0x000000059c000000, 0x000000059c000000, 0x000000059c400000|  0%| F|  |TAMS 0x000000059c000000| PB 0x000000059c000000| Untracked 
|1479|0x000000059c400000, 0x000000059c400000, 0x000000059c800000|  0%| F|  |TAMS 0x000000059c400000| PB 0x000000059c400000| Untracked 
|1480|0x000000059c800000, 0x000000059c800000, 0x000000059cc00000|  0%| F|  |TAMS 0x000000059c800000| PB 0x000000059c800000| Untracked 
|1481|0x000000059cc00000, 0x000000059cc00000, 0x000000059d000000|  0%| F|  |TAMS 0x000000059cc00000| PB 0x000000059cc00000| Untracked 
|1482|0x000000059d000000, 0x000000059d000000, 0x000000059d400000|  0%| F|  |TAMS 0x000000059d000000| PB 0x000000059d000000| Untracked 
|1483|0x000000059d400000, 0x000000059d400000, 0x000000059d800000|  0%| F|  |TAMS 0x000000059d400000| PB 0x000000059d400000| Untracked 
|1484|0x000000059d800000, 0x000000059d800000, 0x000000059dc00000|  0%| F|  |TAMS 0x000000059d800000| PB 0x000000059d800000| Untracked 
|1485|0x000000059dc00000, 0x000000059dc00000, 0x000000059e000000|  0%| F|  |TAMS 0x000000059dc00000| PB 0x000000059dc00000| Untracked 
|1486|0x000000059e000000, 0x000000059e000000, 0x000000059e400000|  0%| F|  |TAMS 0x000000059e000000| PB 0x000000059e000000| Untracked 
|1487|0x000000059e400000, 0x000000059e400000, 0x000000059e800000|  0%| F|  |TAMS 0x000000059e400000| PB 0x000000059e400000| Untracked 
|1488|0x000000059e800000, 0x000000059e800000, 0x000000059ec00000|  0%| F|  |TAMS 0x000000059e800000| PB 0x000000059e800000| Untracked 
|1489|0x000000059ec00000, 0x000000059ec00000, 0x000000059f000000|  0%| F|  |TAMS 0x000000059ec00000| PB 0x000000059ec00000| Untracked 
|1490|0x000000059f000000, 0x000000059f000000, 0x000000059f400000|  0%| F|  |TAMS 0x000000059f000000| PB 0x000000059f000000| Untracked 
|1491|0x000000059f400000, 0x000000059f400000, 0x000000059f800000|  0%| F|  |TAMS 0x000000059f400000| PB 0x000000059f400000| Untracked 
|1492|0x000000059f800000, 0x000000059f800000, 0x000000059fc00000|  0%| F|  |TAMS 0x000000059f800000| PB 0x000000059f800000| Untracked 
|1493|0x000000059fc00000, 0x000000059fc00000, 0x00000005a0000000|  0%| F|  |TAMS 0x000000059fc00000| PB 0x000000059fc00000| Untracked 
|1494|0x00000005a0000000, 0x00000005a0000000, 0x00000005a0400000|  0%| F|  |TAMS 0x00000005a0000000| PB 0x00000005a0000000| Untracked 
|1495|0x00000005a0400000, 0x00000005a0400000, 0x00000005a0800000|  0%| F|  |TAMS 0x00000005a0400000| PB 0x00000005a0400000| Untracked 
|1496|0x00000005a0800000, 0x00000005a0800000, 0x00000005a0c00000|  0%| F|  |TAMS 0x00000005a0800000| PB 0x00000005a0800000| Untracked 
|1497|0x00000005a0c00000, 0x00000005a0c00000, 0x00000005a1000000|  0%| F|  |TAMS 0x00000005a0c00000| PB 0x00000005a0c00000| Untracked 
|1498|0x00000005a1000000, 0x00000005a1000000, 0x00000005a1400000|  0%| F|  |TAMS 0x00000005a1000000| PB 0x00000005a1000000| Untracked 
|1499|0x00000005a1400000, 0x00000005a1400000, 0x00000005a1800000|  0%| F|  |TAMS 0x00000005a1400000| PB 0x00000005a1400000| Untracked 
|1500|0x00000005a1800000, 0x00000005a1800000, 0x00000005a1c00000|  0%| F|  |TAMS 0x00000005a1800000| PB 0x00000005a1800000| Untracked 
|1501|0x00000005a1c00000, 0x00000005a1c00000, 0x00000005a2000000|  0%| F|  |TAMS 0x00000005a1c00000| PB 0x00000005a1c00000| Untracked 
|1502|0x00000005a2000000, 0x00000005a2000000, 0x00000005a2400000|  0%| F|  |TAMS 0x00000005a2000000| PB 0x00000005a2000000| Untracked 
|1503|0x00000005a2400000, 0x00000005a2400000, 0x00000005a2800000|  0%| F|  |TAMS 0x00000005a2400000| PB 0x00000005a2400000| Untracked 
|1504|0x00000005a2800000, 0x00000005a2800000, 0x00000005a2c00000|  0%| F|  |TAMS 0x00000005a2800000| PB 0x00000005a2800000| Untracked 
|1505|0x00000005a2c00000, 0x00000005a2c00000, 0x00000005a3000000|  0%| F|  |TAMS 0x00000005a2c00000| PB 0x00000005a2c00000| Untracked 
|1506|0x00000005a3000000, 0x00000005a3000000, 0x00000005a3400000|  0%| F|  |TAMS 0x00000005a3000000| PB 0x00000005a3000000| Untracked 
|1507|0x00000005a3400000, 0x00000005a3400000, 0x00000005a3800000|  0%| F|  |TAMS 0x00000005a3400000| PB 0x00000005a3400000| Untracked 
|1508|0x00000005a3800000, 0x00000005a3800000, 0x00000005a3c00000|  0%| F|  |TAMS 0x00000005a3800000| PB 0x00000005a3800000| Untracked 
|1509|0x00000005a3c00000, 0x00000005a3c00000, 0x00000005a4000000|  0%| F|  |TAMS 0x00000005a3c00000| PB 0x00000005a3c00000| Untracked 
|1510|0x00000005a4000000, 0x00000005a4000000, 0x00000005a4400000|  0%| F|  |TAMS 0x00000005a4000000| PB 0x00000005a4000000| Untracked 
|1511|0x00000005a4400000, 0x00000005a4400000, 0x00000005a4800000|  0%| F|  |TAMS 0x00000005a4400000| PB 0x00000005a4400000| Untracked 
|1512|0x00000005a4800000, 0x00000005a4800000, 0x00000005a4c00000|  0%| F|  |TAMS 0x00000005a4800000| PB 0x00000005a4800000| Untracked 
|1513|0x00000005a4c00000, 0x00000005a4c00000, 0x00000005a5000000|  0%| F|  |TAMS 0x00000005a4c00000| PB 0x00000005a4c00000| Untracked 
|1514|0x00000005a5000000, 0x00000005a5000000, 0x00000005a5400000|  0%| F|  |TAMS 0x00000005a5000000| PB 0x00000005a5000000| Untracked 
|1515|0x00000005a5400000, 0x00000005a5400000, 0x00000005a5800000|  0%| F|  |TAMS 0x00000005a5400000| PB 0x00000005a5400000| Untracked 
|1516|0x00000005a5800000, 0x00000005a5800000, 0x00000005a5c00000|  0%| F|  |TAMS 0x00000005a5800000| PB 0x00000005a5800000| Untracked 
|1517|0x00000005a5c00000, 0x00000005a5c00000, 0x00000005a6000000|  0%| F|  |TAMS 0x00000005a5c00000| PB 0x00000005a5c00000| Untracked 
|1518|0x00000005a6000000, 0x00000005a6000000, 0x00000005a6400000|  0%| F|  |TAMS 0x00000005a6000000| PB 0x00000005a6000000| Untracked 
|1519|0x00000005a6400000, 0x00000005a6400000, 0x00000005a6800000|  0%| F|  |TAMS 0x00000005a6400000| PB 0x00000005a6400000| Untracked 
|1520|0x00000005a6800000, 0x00000005a6800000, 0x00000005a6c00000|  0%| F|  |TAMS 0x00000005a6800000| PB 0x00000005a6800000| Untracked 
|1521|0x00000005a6c00000, 0x00000005a6c00000, 0x00000005a7000000|  0%| F|  |TAMS 0x00000005a6c00000| PB 0x00000005a6c00000| Untracked 
|1522|0x00000005a7000000, 0x00000005a7000000, 0x00000005a7400000|  0%| F|  |TAMS 0x00000005a7000000| PB 0x00000005a7000000| Untracked 
|1523|0x00000005a7400000, 0x00000005a7400000, 0x00000005a7800000|  0%| F|  |TAMS 0x00000005a7400000| PB 0x00000005a7400000| Untracked 
|1524|0x00000005a7800000, 0x00000005a7800000, 0x00000005a7c00000|  0%| F|  |TAMS 0x00000005a7800000| PB 0x00000005a7800000| Untracked 
|1525|0x00000005a7c00000, 0x00000005a7c00000, 0x00000005a8000000|  0%| F|  |TAMS 0x00000005a7c00000| PB 0x00000005a7c00000| Untracked 
|1526|0x00000005a8000000, 0x00000005a8000000, 0x00000005a8400000|  0%| F|  |TAMS 0x00000005a8000000| PB 0x00000005a8000000| Untracked 
|1527|0x00000005a8400000, 0x00000005a8400000, 0x00000005a8800000|  0%| F|  |TAMS 0x00000005a8400000| PB 0x00000005a8400000| Untracked 
|1528|0x00000005a8800000, 0x00000005a8800000, 0x00000005a8c00000|  0%| F|  |TAMS 0x00000005a8800000| PB 0x00000005a8800000| Untracked 
|1529|0x00000005a8c00000, 0x00000005a8c00000, 0x00000005a9000000|  0%| F|  |TAMS 0x00000005a8c00000| PB 0x00000005a8c00000| Untracked 
|1530|0x00000005a9000000, 0x00000005a9000000, 0x00000005a9400000|  0%| F|  |TAMS 0x00000005a9000000| PB 0x00000005a9000000| Untracked 
|1531|0x00000005a9400000, 0x00000005a9400000, 0x00000005a9800000|  0%| F|  |TAMS 0x00000005a9400000| PB 0x00000005a9400000| Untracked 
|1532|0x00000005a9800000, 0x00000005a9800000, 0x00000005a9c00000|  0%| F|  |TAMS 0x00000005a9800000| PB 0x00000005a9800000| Untracked 
|1533|0x00000005a9c00000, 0x00000005a9c00000, 0x00000005aa000000|  0%| F|  |TAMS 0x00000005a9c00000| PB 0x00000005a9c00000| Untracked 
|1534|0x00000005aa000000, 0x00000005aa000000, 0x00000005aa400000|  0%| F|  |TAMS 0x00000005aa000000| PB 0x00000005aa000000| Untracked 
|1535|0x00000005aa400000, 0x00000005aa400000, 0x00000005aa800000|  0%| F|  |TAMS 0x00000005aa400000| PB 0x00000005aa400000| Untracked 
|1536|0x00000005aa800000, 0x00000005aa800000, 0x00000005aac00000|  0%| F|  |TAMS 0x00000005aa800000| PB 0x00000005aa800000| Untracked 
|1537|0x00000005aac00000, 0x00000005aac00000, 0x00000005ab000000|  0%| F|  |TAMS 0x00000005aac00000| PB 0x00000005aac00000| Untracked 
|1538|0x00000005ab000000, 0x00000005ab000000, 0x00000005ab400000|  0%| F|  |TAMS 0x00000005ab000000| PB 0x00000005ab000000| Untracked 
|1539|0x00000005ab400000, 0x00000005ab400000, 0x00000005ab800000|  0%| F|  |TAMS 0x00000005ab400000| PB 0x00000005ab400000| Untracked 
|1540|0x00000005ab800000, 0x00000005ab800000, 0x00000005abc00000|  0%| F|  |TAMS 0x00000005ab800000| PB 0x00000005ab800000| Untracked 
|1541|0x00000005abc00000, 0x00000005abc00000, 0x00000005ac000000|  0%| F|  |TAMS 0x00000005abc00000| PB 0x00000005abc00000| Untracked 
|1542|0x00000005ac000000, 0x00000005ac000000, 0x00000005ac400000|  0%| F|  |TAMS 0x00000005ac000000| PB 0x00000005ac000000| Untracked 
|1543|0x00000005ac400000, 0x00000005ac400000, 0x00000005ac800000|  0%| F|  |TAMS 0x00000005ac400000| PB 0x00000005ac400000| Untracked 
|1544|0x00000005ac800000, 0x00000005ac800000, 0x00000005acc00000|  0%| F|  |TAMS 0x00000005ac800000| PB 0x00000005ac800000| Untracked 
|1545|0x00000005acc00000, 0x00000005acc00000, 0x00000005ad000000|  0%| F|  |TAMS 0x00000005acc00000| PB 0x00000005acc00000| Untracked 
|1546|0x00000005ad000000, 0x00000005ad000000, 0x00000005ad400000|  0%| F|  |TAMS 0x00000005ad000000| PB 0x00000005ad000000| Untracked 
|1547|0x00000005ad400000, 0x00000005ad400000, 0x00000005ad800000|  0%| F|  |TAMS 0x00000005ad400000| PB 0x00000005ad400000| Untracked 
|1548|0x00000005ad800000, 0x00000005ad800000, 0x00000005adc00000|  0%| F|  |TAMS 0x00000005ad800000| PB 0x00000005ad800000| Untracked 
|1549|0x00000005adc00000, 0x00000005adc00000, 0x00000005ae000000|  0%| F|  |TAMS 0x00000005adc00000| PB 0x00000005adc00000| Untracked 
|1550|0x00000005ae000000, 0x00000005ae000000, 0x00000005ae400000|  0%| F|  |TAMS 0x00000005ae000000| PB 0x00000005ae000000| Untracked 
|1551|0x00000005ae400000, 0x00000005ae400000, 0x00000005ae800000|  0%| F|  |TAMS 0x00000005ae400000| PB 0x00000005ae400000| Untracked 
|1552|0x00000005ae800000, 0x00000005ae800000, 0x00000005aec00000|  0%| F|  |TAMS 0x00000005ae800000| PB 0x00000005ae800000| Untracked 
|1553|0x00000005aec00000, 0x00000005aec00000, 0x00000005af000000|  0%| F|  |TAMS 0x00000005aec00000| PB 0x00000005aec00000| Untracked 
|1554|0x00000005af000000, 0x00000005af000000, 0x00000005af400000|  0%| F|  |TAMS 0x00000005af000000| PB 0x00000005af000000| Untracked 
|1555|0x00000005af400000, 0x00000005af400000, 0x00000005af800000|  0%| F|  |TAMS 0x00000005af400000| PB 0x00000005af400000| Untracked 
|1556|0x00000005af800000, 0x00000005af800000, 0x00000005afc00000|  0%| F|  |TAMS 0x00000005af800000| PB 0x00000005af800000| Untracked 
|1557|0x00000005afc00000, 0x00000005afc00000, 0x00000005b0000000|  0%| F|  |TAMS 0x00000005afc00000| PB 0x00000005afc00000| Untracked 
|1558|0x00000005b0000000, 0x00000005b0000000, 0x00000005b0400000|  0%| F|  |TAMS 0x00000005b0000000| PB 0x00000005b0000000| Untracked 
|1559|0x00000005b0400000, 0x00000005b0400000, 0x00000005b0800000|  0%| F|  |TAMS 0x00000005b0400000| PB 0x00000005b0400000| Untracked 
|1560|0x00000005b0800000, 0x00000005b0800000, 0x00000005b0c00000|  0%| F|  |TAMS 0x00000005b0800000| PB 0x00000005b0800000| Untracked 
|1561|0x00000005b0c00000, 0x00000005b0c00000, 0x00000005b1000000|  0%| F|  |TAMS 0x00000005b0c00000| PB 0x00000005b0c00000| Untracked 
|1562|0x00000005b1000000, 0x00000005b1000000, 0x00000005b1400000|  0%| F|  |TAMS 0x00000005b1000000| PB 0x00000005b1000000| Untracked 
|1563|0x00000005b1400000, 0x00000005b1400000, 0x00000005b1800000|  0%| F|  |TAMS 0x00000005b1400000| PB 0x00000005b1400000| Untracked 
|1564|0x00000005b1800000, 0x00000005b1800000, 0x00000005b1c00000|  0%| F|  |TAMS 0x00000005b1800000| PB 0x00000005b1800000| Untracked 
|1565|0x00000005b1c00000, 0x00000005b1c00000, 0x00000005b2000000|  0%| F|  |TAMS 0x00000005b1c00000| PB 0x00000005b1c00000| Untracked 
|1566|0x00000005b2000000, 0x00000005b2000000, 0x00000005b2400000|  0%| F|  |TAMS 0x00000005b2000000| PB 0x00000005b2000000| Untracked 
|1567|0x00000005b2400000, 0x00000005b2400000, 0x00000005b2800000|  0%| F|  |TAMS 0x00000005b2400000| PB 0x00000005b2400000| Untracked 
|1568|0x00000005b2800000, 0x00000005b2800000, 0x00000005b2c00000|  0%| F|  |TAMS 0x00000005b2800000| PB 0x00000005b2800000| Untracked 
|1569|0x00000005b2c00000, 0x00000005b2c00000, 0x00000005b3000000|  0%| F|  |TAMS 0x00000005b2c00000| PB 0x00000005b2c00000| Untracked 
|1570|0x00000005b3000000, 0x00000005b3000000, 0x00000005b3400000|  0%| F|  |TAMS 0x00000005b3000000| PB 0x00000005b3000000| Untracked 
|1571|0x00000005b3400000, 0x00000005b3400000, 0x00000005b3800000|  0%| F|  |TAMS 0x00000005b3400000| PB 0x00000005b3400000| Untracked 
|1572|0x00000005b3800000, 0x00000005b3800000, 0x00000005b3c00000|  0%| F|  |TAMS 0x00000005b3800000| PB 0x00000005b3800000| Untracked 
|1573|0x00000005b3c00000, 0x00000005b3c00000, 0x00000005b4000000|  0%| F|  |TAMS 0x00000005b3c00000| PB 0x00000005b3c00000| Untracked 
|1574|0x00000005b4000000, 0x00000005b4000000, 0x00000005b4400000|  0%| F|  |TAMS 0x00000005b4000000| PB 0x00000005b4000000| Untracked 
|1575|0x00000005b4400000, 0x00000005b4400000, 0x00000005b4800000|  0%| F|  |TAMS 0x00000005b4400000| PB 0x00000005b4400000| Untracked 
|1576|0x00000005b4800000, 0x00000005b4800000, 0x00000005b4c00000|  0%| F|  |TAMS 0x00000005b4800000| PB 0x00000005b4800000| Untracked 
|1577|0x00000005b4c00000, 0x00000005b4c00000, 0x00000005b5000000|  0%| F|  |TAMS 0x00000005b4c00000| PB 0x00000005b4c00000| Untracked 
|1578|0x00000005b5000000, 0x00000005b5000000, 0x00000005b5400000|  0%| F|  |TAMS 0x00000005b5000000| PB 0x00000005b5000000| Untracked 
|1579|0x00000005b5400000, 0x00000005b5400000, 0x00000005b5800000|  0%| F|  |TAMS 0x00000005b5400000| PB 0x00000005b5400000| Untracked 
|1580|0x00000005b5800000, 0x00000005b5800000, 0x00000005b5c00000|  0%| F|  |TAMS 0x00000005b5800000| PB 0x00000005b5800000| Untracked 
|1581|0x00000005b5c00000, 0x00000005b5c00000, 0x00000005b6000000|  0%| F|  |TAMS 0x00000005b5c00000| PB 0x00000005b5c00000| Untracked 
|1582|0x00000005b6000000, 0x00000005b6000000, 0x00000005b6400000|  0%| F|  |TAMS 0x00000005b6000000| PB 0x00000005b6000000| Untracked 
|1583|0x00000005b6400000, 0x00000005b6400000, 0x00000005b6800000|  0%| F|  |TAMS 0x00000005b6400000| PB 0x00000005b6400000| Untracked 
|1584|0x00000005b6800000, 0x00000005b6800000, 0x00000005b6c00000|  0%| F|  |TAMS 0x00000005b6800000| PB 0x00000005b6800000| Untracked 
|1585|0x00000005b6c00000, 0x00000005b6c00000, 0x00000005b7000000|  0%| F|  |TAMS 0x00000005b6c00000| PB 0x00000005b6c00000| Untracked 
|1586|0x00000005b7000000, 0x00000005b7000000, 0x00000005b7400000|  0%| F|  |TAMS 0x00000005b7000000| PB 0x00000005b7000000| Untracked 
|1587|0x00000005b7400000, 0x00000005b7400000, 0x00000005b7800000|  0%| F|  |TAMS 0x00000005b7400000| PB 0x00000005b7400000| Untracked 
|1588|0x00000005b7800000, 0x00000005b7800000, 0x00000005b7c00000|  0%| F|  |TAMS 0x00000005b7800000| PB 0x00000005b7800000| Untracked 
|1589|0x00000005b7c00000, 0x00000005b7c00000, 0x00000005b8000000|  0%| F|  |TAMS 0x00000005b7c00000| PB 0x00000005b7c00000| Untracked 
|1590|0x00000005b8000000, 0x00000005b8000000, 0x00000005b8400000|  0%| F|  |TAMS 0x00000005b8000000| PB 0x00000005b8000000| Untracked 
|1591|0x00000005b8400000, 0x00000005b8400000, 0x00000005b8800000|  0%| F|  |TAMS 0x00000005b8400000| PB 0x00000005b8400000| Untracked 
|1592|0x00000005b8800000, 0x00000005b8800000, 0x00000005b8c00000|  0%| F|  |TAMS 0x00000005b8800000| PB 0x00000005b8800000| Untracked 
|1593|0x00000005b8c00000, 0x00000005b8c00000, 0x00000005b9000000|  0%| F|  |TAMS 0x00000005b8c00000| PB 0x00000005b8c00000| Untracked 
|1594|0x00000005b9000000, 0x00000005b9000000, 0x00000005b9400000|  0%| F|  |TAMS 0x00000005b9000000| PB 0x00000005b9000000| Untracked 
|1595|0x00000005b9400000, 0x00000005b9400000, 0x00000005b9800000|  0%| F|  |TAMS 0x00000005b9400000| PB 0x00000005b9400000| Untracked 
|1596|0x00000005b9800000, 0x00000005b9800000, 0x00000005b9c00000|  0%| F|  |TAMS 0x00000005b9800000| PB 0x00000005b9800000| Untracked 
|1597|0x00000005b9c00000, 0x00000005b9c00000, 0x00000005ba000000|  0%| F|  |TAMS 0x00000005b9c00000| PB 0x00000005b9c00000| Untracked 
|1598|0x00000005ba000000, 0x00000005ba000000, 0x00000005ba400000|  0%| F|  |TAMS 0x00000005ba000000| PB 0x00000005ba000000| Untracked 
|1599|0x00000005ba400000, 0x00000005ba400000, 0x00000005ba800000|  0%| F|  |TAMS 0x00000005ba400000| PB 0x00000005ba400000| Untracked 
|1600|0x00000005ba800000, 0x00000005ba800000, 0x00000005bac00000|  0%| F|  |TAMS 0x00000005ba800000| PB 0x00000005ba800000| Untracked 
|1601|0x00000005bac00000, 0x00000005bac00000, 0x00000005bb000000|  0%| F|  |TAMS 0x00000005bac00000| PB 0x00000005bac00000| Untracked 
|1602|0x00000005bb000000, 0x00000005bb000000, 0x00000005bb400000|  0%| F|  |TAMS 0x00000005bb000000| PB 0x00000005bb000000| Untracked 
|1603|0x00000005bb400000, 0x00000005bb400000, 0x00000005bb800000|  0%| F|  |TAMS 0x00000005bb400000| PB 0x00000005bb400000| Untracked 
|1604|0x00000005bb800000, 0x00000005bb800000, 0x00000005bbc00000|  0%| F|  |TAMS 0x00000005bb800000| PB 0x00000005bb800000| Untracked 
|1605|0x00000005bbc00000, 0x00000005bbc00000, 0x00000005bc000000|  0%| F|  |TAMS 0x00000005bbc00000| PB 0x00000005bbc00000| Untracked 
|1606|0x00000005bc000000, 0x00000005bc000000, 0x00000005bc400000|  0%| F|  |TAMS 0x00000005bc000000| PB 0x00000005bc000000| Untracked 
|1607|0x00000005bc400000, 0x00000005bc400000, 0x00000005bc800000|  0%| F|  |TAMS 0x00000005bc400000| PB 0x00000005bc400000| Untracked 
|1608|0x00000005bc800000, 0x00000005bc800000, 0x00000005bcc00000|  0%| F|  |TAMS 0x00000005bc800000| PB 0x00000005bc800000| Untracked 
|1609|0x00000005bcc00000, 0x00000005bcc00000, 0x00000005bd000000|  0%| F|  |TAMS 0x00000005bcc00000| PB 0x00000005bcc00000| Untracked 
|1610|0x00000005bd000000, 0x00000005bd000000, 0x00000005bd400000|  0%| F|  |TAMS 0x00000005bd000000| PB 0x00000005bd000000| Untracked 
|1611|0x00000005bd400000, 0x00000005bd400000, 0x00000005bd800000|  0%| F|  |TAMS 0x00000005bd400000| PB 0x00000005bd400000| Untracked 
|1612|0x00000005bd800000, 0x00000005bd800000, 0x00000005bdc00000|  0%| F|  |TAMS 0x00000005bd800000| PB 0x00000005bd800000| Untracked 
|1613|0x00000005bdc00000, 0x00000005bdc00000, 0x00000005be000000|  0%| F|  |TAMS 0x00000005bdc00000| PB 0x00000005bdc00000| Untracked 
|1614|0x00000005be000000, 0x00000005be000000, 0x00000005be400000|  0%| F|  |TAMS 0x00000005be000000| PB 0x00000005be000000| Untracked 
|1615|0x00000005be400000, 0x00000005be400000, 0x00000005be800000|  0%| F|  |TAMS 0x00000005be400000| PB 0x00000005be400000| Untracked 
|1616|0x00000005be800000, 0x00000005be800000, 0x00000005bec00000|  0%| F|  |TAMS 0x00000005be800000| PB 0x00000005be800000| Untracked 
|1617|0x00000005bec00000, 0x00000005bec00000, 0x00000005bf000000|  0%| F|  |TAMS 0x00000005bec00000| PB 0x00000005bec00000| Untracked 
|1618|0x00000005bf000000, 0x00000005bf000000, 0x00000005bf400000|  0%| F|  |TAMS 0x00000005bf000000| PB 0x00000005bf000000| Untracked 
|1619|0x00000005bf400000, 0x00000005bf400000, 0x00000005bf800000|  0%| F|  |TAMS 0x00000005bf400000| PB 0x00000005bf400000| Untracked 
|1620|0x00000005bf800000, 0x00000005bf800000, 0x00000005bfc00000|  0%| F|  |TAMS 0x00000005bf800000| PB 0x00000005bf800000| Untracked 
|1621|0x00000005bfc00000, 0x00000005bfc00000, 0x00000005c0000000|  0%| F|  |TAMS 0x00000005bfc00000| PB 0x00000005bfc00000| Untracked 
|1622|0x00000005c0000000, 0x00000005c0000000, 0x00000005c0400000|  0%| F|  |TAMS 0x00000005c0000000| PB 0x00000005c0000000| Untracked 
|1623|0x00000005c0400000, 0x00000005c0400000, 0x00000005c0800000|  0%| F|  |TAMS 0x00000005c0400000| PB 0x00000005c0400000| Untracked 
|1624|0x00000005c0800000, 0x00000005c0800000, 0x00000005c0c00000|  0%| F|  |TAMS 0x00000005c0800000| PB 0x00000005c0800000| Untracked 
|1625|0x00000005c0c00000, 0x00000005c0c00000, 0x00000005c1000000|  0%| F|  |TAMS 0x00000005c0c00000| PB 0x00000005c0c00000| Untracked 
|1626|0x00000005c1000000, 0x00000005c1000000, 0x00000005c1400000|  0%| F|  |TAMS 0x00000005c1000000| PB 0x00000005c1000000| Untracked 
|1627|0x00000005c1400000, 0x00000005c1400000, 0x00000005c1800000|  0%| F|  |TAMS 0x00000005c1400000| PB 0x00000005c1400000| Untracked 
|1628|0x00000005c1800000, 0x00000005c1800000, 0x00000005c1c00000|  0%| F|  |TAMS 0x00000005c1800000| PB 0x00000005c1800000| Untracked 
|1629|0x00000005c1c00000, 0x00000005c1c00000, 0x00000005c2000000|  0%| F|  |TAMS 0x00000005c1c00000| PB 0x00000005c1c00000| Untracked 
|1630|0x00000005c2000000, 0x00000005c2000000, 0x00000005c2400000|  0%| F|  |TAMS 0x00000005c2000000| PB 0x00000005c2000000| Untracked 
|1631|0x00000005c2400000, 0x00000005c2400000, 0x00000005c2800000|  0%| F|  |TAMS 0x00000005c2400000| PB 0x00000005c2400000| Untracked 
|1632|0x00000005c2800000, 0x00000005c2800000, 0x00000005c2c00000|  0%| F|  |TAMS 0x00000005c2800000| PB 0x00000005c2800000| Untracked 
|1633|0x00000005c2c00000, 0x00000005c2c00000, 0x00000005c3000000|  0%| F|  |TAMS 0x00000005c2c00000| PB 0x00000005c2c00000| Untracked 
|1634|0x00000005c3000000, 0x00000005c3000000, 0x00000005c3400000|  0%| F|  |TAMS 0x00000005c3000000| PB 0x00000005c3000000| Untracked 
|1635|0x00000005c3400000, 0x00000005c3400000, 0x00000005c3800000|  0%| F|  |TAMS 0x00000005c3400000| PB 0x00000005c3400000| Untracked 
|1636|0x00000005c3800000, 0x00000005c3800000, 0x00000005c3c00000|  0%| F|  |TAMS 0x00000005c3800000| PB 0x00000005c3800000| Untracked 
|1637|0x00000005c3c00000, 0x00000005c3c00000, 0x00000005c4000000|  0%| F|  |TAMS 0x00000005c3c00000| PB 0x00000005c3c00000| Untracked 
|1638|0x00000005c4000000, 0x00000005c4000000, 0x00000005c4400000|  0%| F|  |TAMS 0x00000005c4000000| PB 0x00000005c4000000| Untracked 
|1639|0x00000005c4400000, 0x00000005c4400000, 0x00000005c4800000|  0%| F|  |TAMS 0x00000005c4400000| PB 0x00000005c4400000| Untracked 
|1640|0x00000005c4800000, 0x00000005c4800000, 0x00000005c4c00000|  0%| F|  |TAMS 0x00000005c4800000| PB 0x00000005c4800000| Untracked 
|1641|0x00000005c4c00000, 0x00000005c4c00000, 0x00000005c5000000|  0%| F|  |TAMS 0x00000005c4c00000| PB 0x00000005c4c00000| Untracked 
|1642|0x00000005c5000000, 0x00000005c5000000, 0x00000005c5400000|  0%| F|  |TAMS 0x00000005c5000000| PB 0x00000005c5000000| Untracked 
|1643|0x00000005c5400000, 0x00000005c5400000, 0x00000005c5800000|  0%| F|  |TAMS 0x00000005c5400000| PB 0x00000005c5400000| Untracked 
|1644|0x00000005c5800000, 0x00000005c5800000, 0x00000005c5c00000|  0%| F|  |TAMS 0x00000005c5800000| PB 0x00000005c5800000| Untracked 
|1645|0x00000005c5c00000, 0x00000005c5c00000, 0x00000005c6000000|  0%| F|  |TAMS 0x00000005c5c00000| PB 0x00000005c5c00000| Untracked 
|1646|0x00000005c6000000, 0x00000005c6000000, 0x00000005c6400000|  0%| F|  |TAMS 0x00000005c6000000| PB 0x00000005c6000000| Untracked 
|1647|0x00000005c6400000, 0x00000005c6400000, 0x00000005c6800000|  0%| F|  |TAMS 0x00000005c6400000| PB 0x00000005c6400000| Untracked 
|1648|0x00000005c6800000, 0x00000005c6800000, 0x00000005c6c00000|  0%| F|  |TAMS 0x00000005c6800000| PB 0x00000005c6800000| Untracked 
|1649|0x00000005c6c00000, 0x00000005c6c00000, 0x00000005c7000000|  0%| F|  |TAMS 0x00000005c6c00000| PB 0x00000005c6c00000| Untracked 
|1650|0x00000005c7000000, 0x00000005c7000000, 0x00000005c7400000|  0%| F|  |TAMS 0x00000005c7000000| PB 0x00000005c7000000| Untracked 
|1651|0x00000005c7400000, 0x00000005c7400000, 0x00000005c7800000|  0%| F|  |TAMS 0x00000005c7400000| PB 0x00000005c7400000| Untracked 
|1652|0x00000005c7800000, 0x00000005c7800000, 0x00000005c7c00000|  0%| F|  |TAMS 0x00000005c7800000| PB 0x00000005c7800000| Untracked 
|1653|0x00000005c7c00000, 0x00000005c7c00000, 0x00000005c8000000|  0%| F|  |TAMS 0x00000005c7c00000| PB 0x00000005c7c00000| Untracked 
|1654|0x00000005c8000000, 0x00000005c8000000, 0x00000005c8400000|  0%| F|  |TAMS 0x00000005c8000000| PB 0x00000005c8000000| Untracked 
|1655|0x00000005c8400000, 0x00000005c8400000, 0x00000005c8800000|  0%| F|  |TAMS 0x00000005c8400000| PB 0x00000005c8400000| Untracked 
|1656|0x00000005c8800000, 0x00000005c8800000, 0x00000005c8c00000|  0%| F|  |TAMS 0x00000005c8800000| PB 0x00000005c8800000| Untracked 
|1657|0x00000005c8c00000, 0x00000005c8c00000, 0x00000005c9000000|  0%| F|  |TAMS 0x00000005c8c00000| PB 0x00000005c8c00000| Untracked 
|1658|0x00000005c9000000, 0x00000005c9000000, 0x00000005c9400000|  0%| F|  |TAMS 0x00000005c9000000| PB 0x00000005c9000000| Untracked 
|1659|0x00000005c9400000, 0x00000005c9400000, 0x00000005c9800000|  0%| F|  |TAMS 0x00000005c9400000| PB 0x00000005c9400000| Untracked 
|1660|0x00000005c9800000, 0x00000005c9800000, 0x00000005c9c00000|  0%| F|  |TAMS 0x00000005c9800000| PB 0x00000005c9800000| Untracked 
|1661|0x00000005c9c00000, 0x00000005c9c00000, 0x00000005ca000000|  0%| F|  |TAMS 0x00000005c9c00000| PB 0x00000005c9c00000| Untracked 
|1662|0x00000005ca000000, 0x00000005ca000000, 0x00000005ca400000|  0%| F|  |TAMS 0x00000005ca000000| PB 0x00000005ca000000| Untracked 
|1663|0x00000005ca400000, 0x00000005ca400000, 0x00000005ca800000|  0%| F|  |TAMS 0x00000005ca400000| PB 0x00000005ca400000| Untracked 
|1664|0x00000005ca800000, 0x00000005ca800000, 0x00000005cac00000|  0%| F|  |TAMS 0x00000005ca800000| PB 0x00000005ca800000| Untracked 
|1665|0x00000005cac00000, 0x00000005cac00000, 0x00000005cb000000|  0%| F|  |TAMS 0x00000005cac00000| PB 0x00000005cac00000| Untracked 
|1666|0x00000005cb000000, 0x00000005cb000000, 0x00000005cb400000|  0%| F|  |TAMS 0x00000005cb000000| PB 0x00000005cb000000| Untracked 
|1667|0x00000005cb400000, 0x00000005cb400000, 0x00000005cb800000|  0%| F|  |TAMS 0x00000005cb400000| PB 0x00000005cb400000| Untracked 
|1668|0x00000005cb800000, 0x00000005cb800000, 0x00000005cbc00000|  0%| F|  |TAMS 0x00000005cb800000| PB 0x00000005cb800000| Untracked 
|1669|0x00000005cbc00000, 0x00000005cbc00000, 0x00000005cc000000|  0%| F|  |TAMS 0x00000005cbc00000| PB 0x00000005cbc00000| Untracked 
|1670|0x00000005cc000000, 0x00000005cc000000, 0x00000005cc400000|  0%| F|  |TAMS 0x00000005cc000000| PB 0x00000005cc000000| Untracked 
|1671|0x00000005cc400000, 0x00000005cc400000, 0x00000005cc800000|  0%| F|  |TAMS 0x00000005cc400000| PB 0x00000005cc400000| Untracked 
|1672|0x00000005cc800000, 0x00000005cc800000, 0x00000005ccc00000|  0%| F|  |TAMS 0x00000005cc800000| PB 0x00000005cc800000| Untracked 
|1673|0x00000005ccc00000, 0x00000005ccc00000, 0x00000005cd000000|  0%| F|  |TAMS 0x00000005ccc00000| PB 0x00000005ccc00000| Untracked 
|1674|0x00000005cd000000, 0x00000005cd000000, 0x00000005cd400000|  0%| F|  |TAMS 0x00000005cd000000| PB 0x00000005cd000000| Untracked 
|1675|0x00000005cd400000, 0x00000005cd400000, 0x00000005cd800000|  0%| F|  |TAMS 0x00000005cd400000| PB 0x00000005cd400000| Untracked 
|1676|0x00000005cd800000, 0x00000005cd800000, 0x00000005cdc00000|  0%| F|  |TAMS 0x00000005cd800000| PB 0x00000005cd800000| Untracked 
|1677|0x00000005cdc00000, 0x00000005cdc00000, 0x00000005ce000000|  0%| F|  |TAMS 0x00000005cdc00000| PB 0x00000005cdc00000| Untracked 
|1678|0x00000005ce000000, 0x00000005ce000000, 0x00000005ce400000|  0%| F|  |TAMS 0x00000005ce000000| PB 0x00000005ce000000| Untracked 
|1679|0x00000005ce400000, 0x00000005ce400000, 0x00000005ce800000|  0%| F|  |TAMS 0x00000005ce400000| PB 0x00000005ce400000| Untracked 
|1680|0x00000005ce800000, 0x00000005ce800000, 0x00000005cec00000|  0%| F|  |TAMS 0x00000005ce800000| PB 0x00000005ce800000| Untracked 
|1681|0x00000005cec00000, 0x00000005cec00000, 0x00000005cf000000|  0%| F|  |TAMS 0x00000005cec00000| PB 0x00000005cec00000| Untracked 
|1682|0x00000005cf000000, 0x00000005cf000000, 0x00000005cf400000|  0%| F|  |TAMS 0x00000005cf000000| PB 0x00000005cf000000| Untracked 
|1683|0x00000005cf400000, 0x00000005cf400000, 0x00000005cf800000|  0%| F|  |TAMS 0x00000005cf400000| PB 0x00000005cf400000| Untracked 
|1684|0x00000005cf800000, 0x00000005cf800000, 0x00000005cfc00000|  0%| F|  |TAMS 0x00000005cf800000| PB 0x00000005cf800000| Untracked 
|1685|0x00000005cfc00000, 0x00000005cfc00000, 0x00000005d0000000|  0%| F|  |TAMS 0x00000005cfc00000| PB 0x00000005cfc00000| Untracked 
|1686|0x00000005d0000000, 0x00000005d0000000, 0x00000005d0400000|  0%| F|  |TAMS 0x00000005d0000000| PB 0x00000005d0000000| Untracked 
|1687|0x00000005d0400000, 0x00000005d0400000, 0x00000005d0800000|  0%| F|  |TAMS 0x00000005d0400000| PB 0x00000005d0400000| Untracked 
|1688|0x00000005d0800000, 0x00000005d0800000, 0x00000005d0c00000|  0%| F|  |TAMS 0x00000005d0800000| PB 0x00000005d0800000| Untracked 
|1689|0x00000005d0c00000, 0x00000005d0c00000, 0x00000005d1000000|  0%| F|  |TAMS 0x00000005d0c00000| PB 0x00000005d0c00000| Untracked 
|1690|0x00000005d1000000, 0x00000005d1000000, 0x00000005d1400000|  0%| F|  |TAMS 0x00000005d1000000| PB 0x00000005d1000000| Untracked 
|1691|0x00000005d1400000, 0x00000005d1400000, 0x00000005d1800000|  0%| F|  |TAMS 0x00000005d1400000| PB 0x00000005d1400000| Untracked 
|1692|0x00000005d1800000, 0x00000005d1800000, 0x00000005d1c00000|  0%| F|  |TAMS 0x00000005d1800000| PB 0x00000005d1800000| Untracked 
|1693|0x00000005d1c00000, 0x00000005d1c00000, 0x00000005d2000000|  0%| F|  |TAMS 0x00000005d1c00000| PB 0x00000005d1c00000| Untracked 
|1694|0x00000005d2000000, 0x00000005d2000000, 0x00000005d2400000|  0%| F|  |TAMS 0x00000005d2000000| PB 0x00000005d2000000| Untracked 
|1695|0x00000005d2400000, 0x00000005d2800000, 0x00000005d2800000|100%| S|CS|TAMS 0x00000005d2400000| PB 0x00000005d2400000| Complete 
|1696|0x00000005d2800000, 0x00000005d2c00000, 0x00000005d2c00000|100%| S|CS|TAMS 0x00000005d2800000| PB 0x00000005d2800000| Complete 
|1697|0x00000005d2c00000, 0x00000005d3000000, 0x00000005d3000000|100%| S|CS|TAMS 0x00000005d2c00000| PB 0x00000005d2c00000| Complete 
|1698|0x00000005d3000000, 0x00000005d3400000, 0x00000005d3400000|100%| S|CS|TAMS 0x00000005d3000000| PB 0x00000005d3000000| Complete 
|1699|0x00000005d3400000, 0x00000005d3800000, 0x00000005d3800000|100%| S|CS|TAMS 0x00000005d3400000| PB 0x00000005d3400000| Complete 
|1700|0x00000005d3800000, 0x00000005d3800000, 0x00000005d3c00000|  0%| F|  |TAMS 0x00000005d3800000| PB 0x00000005d3800000| Untracked 
|1701|0x00000005d3c00000, 0x00000005d3c00000, 0x00000005d4000000|  0%| F|  |TAMS 0x00000005d3c00000| PB 0x00000005d3c00000| Untracked 
|1702|0x00000005d4000000, 0x00000005d4000000, 0x00000005d4400000|  0%| F|  |TAMS 0x00000005d4000000| PB 0x00000005d4000000| Untracked 
|1703|0x00000005d4400000, 0x00000005d4400000, 0x00000005d4800000|  0%| F|  |TAMS 0x00000005d4400000| PB 0x00000005d4400000| Untracked 
|1704|0x00000005d4800000, 0x00000005d4800000, 0x00000005d4c00000|  0%| F|  |TAMS 0x00000005d4800000| PB 0x00000005d4800000| Untracked 
|1705|0x00000005d4c00000, 0x00000005d4c00000, 0x00000005d5000000|  0%| F|  |TAMS 0x00000005d4c00000| PB 0x00000005d4c00000| Untracked 
|1706|0x00000005d5000000, 0x00000005d5000000, 0x00000005d5400000|  0%| F|  |TAMS 0x00000005d5000000| PB 0x00000005d5000000| Untracked 
|1707|0x00000005d5400000, 0x00000005d5400000, 0x00000005d5800000|  0%| F|  |TAMS 0x00000005d5400000| PB 0x00000005d5400000| Untracked 
|1708|0x00000005d5800000, 0x00000005d5800000, 0x00000005d5c00000|  0%| F|  |TAMS 0x00000005d5800000| PB 0x00000005d5800000| Untracked 
|1709|0x00000005d5c00000, 0x00000005d5c00000, 0x00000005d6000000|  0%| F|  |TAMS 0x00000005d5c00000| PB 0x00000005d5c00000| Untracked 
|1710|0x00000005d6000000, 0x00000005d6000000, 0x00000005d6400000|  0%| F|  |TAMS 0x00000005d6000000| PB 0x00000005d6000000| Untracked 
|1711|0x00000005d6400000, 0x00000005d6400000, 0x00000005d6800000|  0%| F|  |TAMS 0x00000005d6400000| PB 0x00000005d6400000| Untracked 
|1712|0x00000005d6800000, 0x00000005d6800000, 0x00000005d6c00000|  0%| F|  |TAMS 0x00000005d6800000| PB 0x00000005d6800000| Untracked 
|1713|0x00000005d6c00000, 0x00000005d6c00000, 0x00000005d7000000|  0%| F|  |TAMS 0x00000005d6c00000| PB 0x00000005d6c00000| Untracked 
|1714|0x00000005d7000000, 0x00000005d7000000, 0x00000005d7400000|  0%| F|  |TAMS 0x00000005d7000000| PB 0x00000005d7000000| Untracked 
|1715|0x00000005d7400000, 0x00000005d7400000, 0x00000005d7800000|  0%| F|  |TAMS 0x00000005d7400000| PB 0x00000005d7400000| Untracked 
|1716|0x00000005d7800000, 0x00000005d7800000, 0x00000005d7c00000|  0%| F|  |TAMS 0x00000005d7800000| PB 0x00000005d7800000| Untracked 
|1717|0x00000005d7c00000, 0x00000005d7c00000, 0x00000005d8000000|  0%| F|  |TAMS 0x00000005d7c00000| PB 0x00000005d7c00000| Untracked 
|1718|0x00000005d8000000, 0x00000005d8000000, 0x00000005d8400000|  0%| F|  |TAMS 0x00000005d8000000| PB 0x00000005d8000000| Untracked 
|1719|0x00000005d8400000, 0x00000005d8400000, 0x00000005d8800000|  0%| F|  |TAMS 0x00000005d8400000| PB 0x00000005d8400000| Untracked 
|1720|0x00000005d8800000, 0x00000005d8800000, 0x00000005d8c00000|  0%| F|  |TAMS 0x00000005d8800000| PB 0x00000005d8800000| Untracked 
|1721|0x00000005d8c00000, 0x00000005d8c00000, 0x00000005d9000000|  0%| F|  |TAMS 0x00000005d8c00000| PB 0x00000005d8c00000| Untracked 
|1722|0x00000005d9000000, 0x00000005d9000000, 0x00000005d9400000|  0%| F|  |TAMS 0x00000005d9000000| PB 0x00000005d9000000| Untracked 
|1723|0x00000005d9400000, 0x00000005d9400000, 0x00000005d9800000|  0%| F|  |TAMS 0x00000005d9400000| PB 0x00000005d9400000| Untracked 
|1724|0x00000005d9800000, 0x00000005d9800000, 0x00000005d9c00000|  0%| F|  |TAMS 0x00000005d9800000| PB 0x00000005d9800000| Untracked 
|1725|0x00000005d9c00000, 0x00000005d9c00000, 0x00000005da000000|  0%| F|  |TAMS 0x00000005d9c00000| PB 0x00000005d9c00000| Untracked 
|1726|0x00000005da000000, 0x00000005da000000, 0x00000005da400000|  0%| F|  |TAMS 0x00000005da000000| PB 0x00000005da000000| Untracked 
|1727|0x00000005da400000, 0x00000005da400000, 0x00000005da800000|  0%| F|  |TAMS 0x00000005da400000| PB 0x00000005da400000| Untracked 
|1728|0x00000005da800000, 0x00000005da800000, 0x00000005dac00000|  0%| F|  |TAMS 0x00000005da800000| PB 0x00000005da800000| Untracked 
|1729|0x00000005dac00000, 0x00000005dac00000, 0x00000005db000000|  0%| F|  |TAMS 0x00000005dac00000| PB 0x00000005dac00000| Untracked 
|1730|0x00000005db000000, 0x00000005db000000, 0x00000005db400000|  0%| F|  |TAMS 0x00000005db000000| PB 0x00000005db000000| Untracked 
|1731|0x00000005db400000, 0x00000005db400000, 0x00000005db800000|  0%| F|  |TAMS 0x00000005db400000| PB 0x00000005db400000| Untracked 
|1732|0x00000005db800000, 0x00000005db800000, 0x00000005dbc00000|  0%| F|  |TAMS 0x00000005db800000| PB 0x00000005db800000| Untracked 
|1733|0x00000005dbc00000, 0x00000005dbc00000, 0x00000005dc000000|  0%| F|  |TAMS 0x00000005dbc00000| PB 0x00000005dbc00000| Untracked 
|1734|0x00000005dc000000, 0x00000005dc000000, 0x00000005dc400000|  0%| F|  |TAMS 0x00000005dc000000| PB 0x00000005dc000000| Untracked 
|1735|0x00000005dc400000, 0x00000005dc400000, 0x00000005dc800000|  0%| F|  |TAMS 0x00000005dc400000| PB 0x00000005dc400000| Untracked 
|1736|0x00000005dc800000, 0x00000005dc800000, 0x00000005dcc00000|  0%| F|  |TAMS 0x00000005dc800000| PB 0x00000005dc800000| Untracked 
|1737|0x00000005dcc00000, 0x00000005dcc00000, 0x00000005dd000000|  0%| F|  |TAMS 0x00000005dcc00000| PB 0x00000005dcc00000| Untracked 
|1738|0x00000005dd000000, 0x00000005dd000000, 0x00000005dd400000|  0%| F|  |TAMS 0x00000005dd000000| PB 0x00000005dd000000| Untracked 
|1739|0x00000005dd400000, 0x00000005dd400000, 0x00000005dd800000|  0%| F|  |TAMS 0x00000005dd400000| PB 0x00000005dd400000| Untracked 
|1740|0x00000005dd800000, 0x00000005dd800000, 0x00000005ddc00000|  0%| F|  |TAMS 0x00000005dd800000| PB 0x00000005dd800000| Untracked 
|1741|0x00000005ddc00000, 0x00000005ddc00000, 0x00000005de000000|  0%| F|  |TAMS 0x00000005ddc00000| PB 0x00000005ddc00000| Untracked 
|1742|0x00000005de000000, 0x00000005de000000, 0x00000005de400000|  0%| F|  |TAMS 0x00000005de000000| PB 0x00000005de000000| Untracked 
|1743|0x00000005de400000, 0x00000005de400000, 0x00000005de800000|  0%| F|  |TAMS 0x00000005de400000| PB 0x00000005de400000| Untracked 
|1744|0x00000005de800000, 0x00000005de800000, 0x00000005dec00000|  0%| F|  |TAMS 0x00000005de800000| PB 0x00000005de800000| Untracked 
|1745|0x00000005dec00000, 0x00000005dec00000, 0x00000005df000000|  0%| F|  |TAMS 0x00000005dec00000| PB 0x00000005dec00000| Untracked 
|1746|0x00000005df000000, 0x00000005df000000, 0x00000005df400000|  0%| F|  |TAMS 0x00000005df000000| PB 0x00000005df000000| Untracked 
|1747|0x00000005df400000, 0x00000005df400000, 0x00000005df800000|  0%| F|  |TAMS 0x00000005df400000| PB 0x00000005df400000| Untracked 
|1748|0x00000005df800000, 0x00000005df800000, 0x00000005dfc00000|  0%| F|  |TAMS 0x00000005df800000| PB 0x00000005df800000| Untracked 
|1749|0x00000005dfc00000, 0x00000005dfc00000, 0x00000005e0000000|  0%| F|  |TAMS 0x00000005dfc00000| PB 0x00000005dfc00000| Untracked 
|1750|0x00000005e0000000, 0x00000005e0000000, 0x00000005e0400000|  0%| F|  |TAMS 0x00000005e0000000| PB 0x00000005e0000000| Untracked 
|1751|0x00000005e0400000, 0x00000005e0400000, 0x00000005e0800000|  0%| F|  |TAMS 0x00000005e0400000| PB 0x00000005e0400000| Untracked 
|1752|0x00000005e0800000, 0x00000005e0800000, 0x00000005e0c00000|  0%| F|  |TAMS 0x00000005e0800000| PB 0x00000005e0800000| Untracked 
|1753|0x00000005e0c00000, 0x00000005e0c00000, 0x00000005e1000000|  0%| F|  |TAMS 0x00000005e0c00000| PB 0x00000005e0c00000| Untracked 
|1754|0x00000005e1000000, 0x00000005e1000000, 0x00000005e1400000|  0%| F|  |TAMS 0x00000005e1000000| PB 0x00000005e1000000| Untracked 
|1755|0x00000005e1400000, 0x00000005e1400000, 0x00000005e1800000|  0%| F|  |TAMS 0x00000005e1400000| PB 0x00000005e1400000| Untracked 
|1756|0x00000005e1800000, 0x00000005e1800000, 0x00000005e1c00000|  0%| F|  |TAMS 0x00000005e1800000| PB 0x00000005e1800000| Untracked 
|1757|0x00000005e1c00000, 0x00000005e1c00000, 0x00000005e2000000|  0%| F|  |TAMS 0x00000005e1c00000| PB 0x00000005e1c00000| Untracked 
|1758|0x00000005e2000000, 0x00000005e2000000, 0x00000005e2400000|  0%| F|  |TAMS 0x00000005e2000000| PB 0x00000005e2000000| Untracked 
|1759|0x00000005e2400000, 0x00000005e2400000, 0x00000005e2800000|  0%| F|  |TAMS 0x00000005e2400000| PB 0x00000005e2400000| Untracked 
|1760|0x00000005e2800000, 0x00000005e2800000, 0x00000005e2c00000|  0%| F|  |TAMS 0x00000005e2800000| PB 0x00000005e2800000| Untracked 
|1761|0x00000005e2c00000, 0x00000005e2c00000, 0x00000005e3000000|  0%| F|  |TAMS 0x00000005e2c00000| PB 0x00000005e2c00000| Untracked 
|1762|0x00000005e3000000, 0x00000005e3000000, 0x00000005e3400000|  0%| F|  |TAMS 0x00000005e3000000| PB 0x00000005e3000000| Untracked 
|1763|0x00000005e3400000, 0x00000005e3400000, 0x00000005e3800000|  0%| F|  |TAMS 0x00000005e3400000| PB 0x00000005e3400000| Untracked 
|1764|0x00000005e3800000, 0x00000005e3800000, 0x00000005e3c00000|  0%| F|  |TAMS 0x00000005e3800000| PB 0x00000005e3800000| Untracked 
|1765|0x00000005e3c00000, 0x00000005e3c00000, 0x00000005e4000000|  0%| F|  |TAMS 0x00000005e3c00000| PB 0x00000005e3c00000| Untracked 
|1766|0x00000005e4000000, 0x00000005e4000000, 0x00000005e4400000|  0%| F|  |TAMS 0x00000005e4000000| PB 0x00000005e4000000| Untracked 
|1767|0x00000005e4400000, 0x00000005e4400000, 0x00000005e4800000|  0%| F|  |TAMS 0x00000005e4400000| PB 0x00000005e4400000| Untracked 
|1768|0x00000005e4800000, 0x00000005e4800000, 0x00000005e4c00000|  0%| F|  |TAMS 0x00000005e4800000| PB 0x00000005e4800000| Untracked 
|1769|0x00000005e4c00000, 0x00000005e4c00000, 0x00000005e5000000|  0%| F|  |TAMS 0x00000005e4c00000| PB 0x00000005e4c00000| Untracked 
|1770|0x00000005e5000000, 0x00000005e5000000, 0x00000005e5400000|  0%| F|  |TAMS 0x00000005e5000000| PB 0x00000005e5000000| Untracked 
|1771|0x00000005e5400000, 0x00000005e5400000, 0x00000005e5800000|  0%| F|  |TAMS 0x00000005e5400000| PB 0x00000005e5400000| Untracked 
|1772|0x00000005e5800000, 0x00000005e5800000, 0x00000005e5c00000|  0%| F|  |TAMS 0x00000005e5800000| PB 0x00000005e5800000| Untracked 
|1773|0x00000005e5c00000, 0x00000005e5c00000, 0x00000005e6000000|  0%| F|  |TAMS 0x00000005e5c00000| PB 0x00000005e5c00000| Untracked 
|1774|0x00000005e6000000, 0x00000005e6000000, 0x00000005e6400000|  0%| F|  |TAMS 0x00000005e6000000| PB 0x00000005e6000000| Untracked 
|1775|0x00000005e6400000, 0x00000005e6400000, 0x00000005e6800000|  0%| F|  |TAMS 0x00000005e6400000| PB 0x00000005e6400000| Untracked 
|1776|0x00000005e6800000, 0x00000005e6800000, 0x00000005e6c00000|  0%| F|  |TAMS 0x00000005e6800000| PB 0x00000005e6800000| Untracked 
|1777|0x00000005e6c00000, 0x00000005e6c00000, 0x00000005e7000000|  0%| F|  |TAMS 0x00000005e6c00000| PB 0x00000005e6c00000| Untracked 
|1778|0x00000005e7000000, 0x00000005e7000000, 0x00000005e7400000|  0%| F|  |TAMS 0x00000005e7000000| PB 0x00000005e7000000| Untracked 
|1779|0x00000005e7400000, 0x00000005e7400000, 0x00000005e7800000|  0%| F|  |TAMS 0x00000005e7400000| PB 0x00000005e7400000| Untracked 
|2047|0x000000062a400000, 0x000000062a400000, 0x000000062a800000|  0%| F|  |TAMS 0x000000062a400000| PB 0x000000062a400000| Untracked 

Card table byte_map: [0x000001f5491b0000,0x000001f54a1b0000] _byte_map_base: 0x000001f54705c000

Marking Bits: (CMBitMap*) 0x000001f51fa299f0
 Bits: [0x000001f54a1b0000, 0x000001f5521b0000)

Polling page: 0x000001f51d940000

Metaspace:

Usage:
  Non-class:    238.19 MB used.
      Class:     34.46 MB used.
       Both:    272.65 MB used.

Virtual space:
  Non-class space:      256.00 MB reserved,     239.88 MB ( 94%) committed,  4 nodes.
      Class space:        1.00 GB reserved,      36.06 MB (  4%) committed,  1 nodes.
             Both:        1.25 GB reserved,     275.94 MB ( 22%) committed. 

Chunk freelists:
   Non-Class:  128.00 KB
       Class:  11.78 MB
        Both:  11.91 MB

MaxMetaspaceSize: 4.00 GB
CompressedClassSpaceSize: 1.00 GB
Initial GC threshold: 21.00 MB
Current GC threshold: 442.62 MB
CDS: on
 - commit_granule_bytes: 65536.
 - commit_granule_words: 8192.
 - virtual_space_node_default_size: 8388608.
 - enlarge_chunks_in_place: 1.
 - use_allocation_guard: 0.


Internal statistics:

num_allocs_failed_limit: 12.
num_arena_births: 6198.
num_arena_deaths: 26.
num_vsnodes_births: 5.
num_vsnodes_deaths: 0.
num_space_committed: 4410.
num_space_uncommitted: 0.
num_chunks_returned_to_freelist: 67.
num_chunks_taken_from_freelist: 17908.
num_chunk_merges: 12.
num_chunk_splits: 12547.
num_chunks_enlarged: 8967.
num_inconsistent_stats: 0.

CodeHeap 'non-profiled nmethods': size=259264Kb used=52722Kb max_used=52722Kb free=206541Kb
 bounds [0x000001f538370000, 0x000001f53b6f0000, 0x000001f5480a0000]
CodeHeap 'profiled nmethods': size=259264Kb used=114422Kb max_used=114422Kb free=144841Kb
 bounds [0x000001f5280a0000, 0x000001f52f060000, 0x000001f537dd0000]
CodeHeap 'non-nmethods': size=5760Kb used=2549Kb max_used=2673Kb free=3211Kb
 bounds [0x000001f537dd0000, 0x000001f538080000, 0x000001f538370000]
CodeCache: size=524288Kb, used=169693Kb, max_used=169817Kb, free=354593Kb
 total_blobs=48903, nmethods=47567, adapters=1236, full_count=0
Compilation: enabled, stopped_count=0, restarted_count=0

Compilation events (20 events):
Event: 3234.818 Thread 0x000001f552395f80 71566       3       com.android.tools.r8.internal.ka2::hashCode (7 bytes)
Event: 3234.818 Thread 0x000001f552395f80 nmethod 71566 0x000001f52f058e10 code [0x000001f52f058fc0, 0x000001f52f059100]
Event: 3234.824 Thread 0x000001f552395f80 71570       3       com.android.tools.r8.internal.az::a (114 bytes)
Event: 3234.825 Thread 0x000001f552395f80 nmethod 71570 0x000001f52f059190 code [0x000001f52f0594c0, 0x000001f52f05a2c8]
Event: 3234.831 Thread 0x000001f552395f80 71572       3       com.android.tools.r8.internal.t52::a (48 bytes)
Event: 3234.832 Thread 0x000001f552395f80 nmethod 71572 0x000001f52f05a890 code [0x000001f52f05aa60, 0x000001f52f05ae28]
Event: 3234.832 Thread 0x000001f552395f80 71571       3       com.android.tools.r8.internal.t52$$Lambda/0x000001f55842a0d8::compare (16 bytes)
Event: 3234.832 Thread 0x000001f552395f80 nmethod 71571 0x000001f52f05af90 code [0x000001f52f05b160, 0x000001f52f05b490]
Event: 3234.839 Thread 0x000001f552395f80 71573       3       com.android.tools.r8.internal.ci3::b (52 bytes)
Event: 3234.840 Thread 0x000001f552395f80 nmethod 71573 0x000001f52f05b590 code [0x000001f52f05b7c0, 0x000001f52f05bf98]
Event: 3234.867 Thread 0x000001f552395f80 71575       3       com.android.tools.r8.internal.bh0::hashCode (13 bytes)
Event: 3234.867 Thread 0x000001f552395f80 nmethod 71575 0x000001f52f05c210 code [0x000001f52f05c3c0, 0x000001f52f05c5d0]
Event: 3234.880 Thread 0x000001f552395f80 71576       3       com.android.tools.r8.internal.yk4::a (23 bytes)
Event: 3234.880 Thread 0x000001f552395f80 nmethod 71576 0x000001f52f05c690 code [0x000001f52f05c880, 0x000001f52f05ce00]
Event: 3234.880 Thread 0x000001f552395f80 71577       3       com.android.tools.r8.internal.yy3$$Lambda/0x000001f558321198::accept (28 bytes)
Event: 3234.881 Thread 0x000001f552395f80 nmethod 71577 0x000001f52f05d010 code [0x000001f52f05d1c0, 0x000001f52f05d510]
Event: 3234.882 Thread 0x000001f552395f80 71578       3       com.android.tools.r8.internal.to::y (23 bytes)
Event: 3234.882 Thread 0x000001f552395f80 nmethod 71578 0x000001f52f05d610 code [0x000001f52f05d7c0, 0x000001f52f05d990]
Event: 3234.885 Thread 0x000001f5523954e0 nmethod 71558 0x000001f53b6e7710 code [0x000001f53b6e7bc0, 0x000001f53b6eab38]
Event: 3234.886 Thread 0x000001f5523954e0 71569       4       com.android.tools.r8.ir.optimize.e0::a (901 bytes)

GC Heap History (20 events):
Event: 3134.464 GC heap after
{Heap after GC invocations=182 (full 0):
 garbage-first heap   total 7294976K, used 430728K [0x000000042a800000, 0x000000062a800000)
  region size 4096K, 4 young (16384K), 4 survivors (16384K)
 Metaspace       used 278912K, committed 282304K, reserved 1310720K
  class space    used 35272K, committed 36928K, reserved 1048576K
}
Event: 3137.301 GC heap before
{Heap before GC invocations=182 (full 0):
 garbage-first heap   total 7294976K, used 778888K [0x000000042a800000, 0x000000062a800000)
  region size 4096K, 89 young (364544K), 4 survivors (16384K)
 Metaspace       used 278928K, committed 282304K, reserved 1310720K
  class space    used 35272K, committed 36928K, reserved 1048576K
}
Event: 3137.326 GC heap after
{Heap after GC invocations=183 (full 0):
 garbage-first heap   total 7294976K, used 430728K [0x000000042a800000, 0x000000062a800000)
  region size 4096K, 4 young (16384K), 4 survivors (16384K)
 Metaspace       used 278928K, committed 282304K, reserved 1310720K
  class space    used 35272K, committed 36928K, reserved 1048576K
}
Event: 3142.934 GC heap before
{Heap before GC invocations=183 (full 0):
 garbage-first heap   total 7294976K, used 778888K [0x000000042a800000, 0x000000062a800000)
  region size 4096K, 89 young (364544K), 4 survivors (16384K)
 Metaspace       used 278931K, committed 282304K, reserved 1310720K
  class space    used 35272K, committed 36928K, reserved 1048576K
}
Event: 3144.105 GC heap after
{Heap after GC invocations=184 (full 0):
 garbage-first heap   total 7294976K, used 425470K [0x000000042a800000, 0x000000062a800000)
  region size 4096K, 3 young (12288K), 3 survivors (12288K)
 Metaspace       used 278931K, committed 282304K, reserved 1310720K
  class space    used 35272K, committed 36928K, reserved 1048576K
}
Event: 3150.510 GC heap before
{Heap before GC invocations=184 (full 0):
 garbage-first heap   total 7294976K, used 777726K [0x000000042a800000, 0x000000062a800000)
  region size 4096K, 89 young (364544K), 3 survivors (12288K)
 Metaspace       used 278945K, committed 282368K, reserved 1310720K
  class space    used 35274K, committed 36928K, reserved 1048576K
}
Event: 3151.057 GC heap after
{Heap after GC invocations=185 (full 0):
 garbage-first heap   total 7294976K, used 430268K [0x000000042a800000, 0x000000062a800000)
  region size 4096K, 4 young (16384K), 4 survivors (16384K)
 Metaspace       used 278945K, committed 282368K, reserved 1310720K
  class space    used 35274K, committed 36928K, reserved 1048576K
}
Event: 3178.602 GC heap before
{Heap before GC invocations=185 (full 0):
 garbage-first heap   total 7294976K, used 778428K [0x000000042a800000, 0x000000062a800000)
  region size 4096K, 89 young (364544K), 4 survivors (16384K)
 Metaspace       used 279023K, committed 282432K, reserved 1310720K
  class space    used 35274K, committed 36928K, reserved 1048576K
}
Event: 3179.241 GC heap after
{Heap after GC invocations=186 (full 0):
 garbage-first heap   total 7294976K, used 430597K [0x000000042a800000, 0x000000062a800000)
  region size 4096K, 4 young (16384K), 4 survivors (16384K)
 Metaspace       used 279023K, committed 282432K, reserved 1310720K
  class space    used 35274K, committed 36928K, reserved 1048576K
}
Event: 3194.858 GC heap before
{Heap before GC invocations=186 (full 0):
 garbage-first heap   total 7294976K, used 778757K [0x000000042a800000, 0x000000062a800000)
  region size 4096K, 89 young (364544K), 4 survivors (16384K)
 Metaspace       used 279062K, committed 282432K, reserved 1310720K
  class space    used 35278K, committed 36928K, reserved 1048576K
}
Event: 3195.466 GC heap after
{Heap after GC invocations=187 (full 0):
 garbage-first heap   total 7294976K, used 433582K [0x000000042a800000, 0x000000062a800000)
  region size 4096K, 5 young (20480K), 5 survivors (20480K)
 Metaspace       used 279062K, committed 282432K, reserved 1310720K
  class space    used 35278K, committed 36928K, reserved 1048576K
}
Event: 3201.647 GC heap before
{Heap before GC invocations=187 (full 0):
 garbage-first heap   total 7294976K, used 773550K [0x000000042a800000, 0x000000062a800000)
  region size 4096K, 89 young (364544K), 5 survivors (20480K)
 Metaspace       used 279099K, committed 282496K, reserved 1310720K
  class space    used 35279K, committed 36928K, reserved 1048576K
}
Event: 3202.085 GC heap after
{Heap after GC invocations=188 (full 0):
 garbage-first heap   total 7294976K, used 430728K [0x000000042a800000, 0x000000062a800000)
  region size 4096K, 4 young (16384K), 4 survivors (16384K)
 Metaspace       used 279099K, committed 282496K, reserved 1310720K
  class space    used 35279K, committed 36928K, reserved 1048576K
}
Event: 3204.193 GC heap before
{Heap before GC invocations=188 (full 0):
 garbage-first heap   total 7294976K, used 778888K [0x000000042a800000, 0x000000062a800000)
  region size 4096K, 89 young (364544K), 4 survivors (16384K)
 Metaspace       used 279111K, committed 282496K, reserved 1310720K
  class space    used 35279K, committed 36928K, reserved 1048576K
}
Event: 3204.224 GC heap after
{Heap after GC invocations=189 (full 0):
 garbage-first heap   total 7294976K, used 431478K [0x000000042a800000, 0x000000062a800000)
  region size 4096K, 5 young (20480K), 5 survivors (20480K)
 Metaspace       used 279111K, committed 282496K, reserved 1310720K
  class space    used 35279K, committed 36928K, reserved 1048576K
}
Event: 3223.712 GC heap before
{Heap before GC invocations=189 (full 0):
 garbage-first heap   total 7294976K, used 771446K [0x000000042a800000, 0x000000062a800000)
  region size 4096K, 89 young (364544K), 5 survivors (20480K)
 Metaspace       used 279151K, committed 282560K, reserved 1310720K
  class space    used 35282K, committed 36928K, reserved 1048576K
}
Event: 3224.312 GC heap after
{Heap after GC invocations=190 (full 0):
 garbage-first heap   total 7294976K, used 425362K [0x000000042a800000, 0x000000062a800000)
  region size 4096K, 3 young (12288K), 3 survivors (12288K)
 Metaspace       used 279151K, committed 282560K, reserved 1310720K
  class space    used 35282K, committed 36928K, reserved 1048576K
}
Event: 3231.505 GC heap before
{Heap before GC invocations=190 (full 0):
 garbage-first heap   total 7294976K, used 777618K [0x000000042a800000, 0x000000062a800000)
  region size 4096K, 89 young (364544K), 3 survivors (12288K)
 Metaspace       used 279174K, committed 282560K, reserved 1310720K
  class space    used 35283K, committed 36928K, reserved 1048576K
}
Event: 3232.112 GC heap after
{Heap after GC invocations=191 (full 0):
 garbage-first heap   total 7294976K, used 444456K [0x000000042a800000, 0x000000062a800000)
  region size 4096K, 8 young (32768K), 8 survivors (32768K)
 Metaspace       used 279174K, committed 282560K, reserved 1310720K
  class space    used 35283K, committed 36928K, reserved 1048576K
}
Event: 3234.888 GC heap before
{Heap before GC invocations=191 (full 0):
 garbage-first heap   total 7294976K, used 776232K [0x000000042a800000, 0x000000062a800000)
  region size 4096K, 89 young (364544K), 8 survivors (32768K)
 Metaspace       used 279195K, committed 282560K, reserved 1310720K
  class space    used 35285K, committed 36928K, reserved 1048576K
}

Dll operation events (20 events):
Event: 0.281 Attempting to load shared library C:\Program Files\Eclipse Adoptium\jdk-21.0.12.8-hotspot\bin\zip.dll
Event: 0.281 Loaded shared library C:\Program Files\Eclipse Adoptium\jdk-21.0.12.8-hotspot\bin\zip.dll
Event: 0.877 Attempting to load shared library C:\Program Files\Eclipse Adoptium\jdk-21.0.12.8-hotspot\bin\jimage.dll
Event: 0.877 Loaded shared library C:\Program Files\Eclipse Adoptium\jdk-21.0.12.8-hotspot\bin\jimage.dll
Event: 3.141 Attempting to load shared library C:\Program Files\Eclipse Adoptium\jdk-21.0.12.8-hotspot\bin\verify.dll
Event: 3.142 Loaded shared library C:\Program Files\Eclipse Adoptium\jdk-21.0.12.8-hotspot\bin\verify.dll
Event: 3.187 Attempting to load shared library C:\Users\home\.gradle\native\1def1411415f61bf3af743bc5b6707747c0891f09f0c88961ee8f79bc544acac\windows-amd64\native-platform.dll
Event: 3.188 Loaded shared library C:\Users\home\.gradle\native\1def1411415f61bf3af743bc5b6707747c0891f09f0c88961ee8f79bc544acac\windows-amd64\native-platform.dll
Event: 3.405 Attempting to load shared library C:\Users\home\.gradle\native\0.2.8\x86_64-windows-gnu\gradle-fileevents.dll
Event: 4.933 Loaded shared library C:\Users\home\.gradle\native\0.2.8\x86_64-windows-gnu\gradle-fileevents.dll
Event: 10.785 Attempting to load shared library C:\Program Files\Eclipse Adoptium\jdk-21.0.12.8-hotspot\bin\management.dll
Event: 10.786 Loaded shared library C:\Program Files\Eclipse Adoptium\jdk-21.0.12.8-hotspot\bin\management.dll
Event: 10.788 Attempting to load shared library C:\Program Files\Eclipse Adoptium\jdk-21.0.12.8-hotspot\bin\management_ext.dll
Event: 10.859 Loaded shared library C:\Program Files\Eclipse Adoptium\jdk-21.0.12.8-hotspot\bin\management_ext.dll
Event: 11.048 Attempting to load shared library C:\Program Files\Eclipse Adoptium\jdk-21.0.12.8-hotspot\bin\extnet.dll
Event: 11.050 Loaded shared library C:\Program Files\Eclipse Adoptium\jdk-21.0.12.8-hotspot\bin\extnet.dll
Event: 11.968 Attempting to load shared library C:\Program Files\Eclipse Adoptium\jdk-21.0.12.8-hotspot\bin\sunmscapi.dll
Event: 11.979 Loaded shared library C:\Program Files\Eclipse Adoptium\jdk-21.0.12.8-hotspot\bin\sunmscapi.dll
Event: 87.294 Attempting to load shared library C:\Program Files\Eclipse Adoptium\jdk-21.0.12.8-hotspot\bin\rmi.dll
Event: 87.296 Loaded shared library C:\Program Files\Eclipse Adoptium\jdk-21.0.12.8-hotspot\bin\rmi.dll

Deoptimization events (20 events):
Event: 3233.996 Thread 0x000001f5bbd52650 DEOPT PACKING pc=0x000001f52f03ee78 sp=0x0000000717efa7b0
Event: 3233.996 Thread 0x000001f5bbd52650 DEOPT UNPACKING pc=0x000001f537e24bc2 sp=0x0000000717ef9d60 mode 0
Event: 3234.043 Thread 0x000001f5bbd52650 DEOPT PACKING pc=0x000001f52f02c016 sp=0x0000000717efa6f0
Event: 3234.043 Thread 0x000001f5bbd52650 DEOPT UNPACKING pc=0x000001f537e24bc2 sp=0x0000000717ef9c80 mode 0
Event: 3234.789 Thread 0x000001f5bbd52650 Uncommon trap: trap_request=0xffffffde fr.pc=0x000001f53b2c685c relative=0x000000000000049c
Event: 3234.789 Thread 0x000001f5bbd52650 Uncommon trap: reason=class_check action=maybe_recompile pc=0x000001f53b2c685c method=com.android.tools.r8.internal.bl.a(ILcom/android/tools/r8/internal/e01;Lcom/android/tools/r8/internal/oe1;)V @ 174 c2
Event: 3234.789 Thread 0x000001f5bbd52650 DEOPT PACKING pc=0x000001f53b2c685c sp=0x0000000717efab70
Event: 3234.789 Thread 0x000001f5bbd52650 DEOPT UNPACKING pc=0x000001f537e24422 sp=0x0000000717efaa70 mode 2
Event: 3234.793 Thread 0x000001f5bbd52650 Uncommon trap: trap_request=0xffffffde fr.pc=0x000001f53b2c460c relative=0x000000000000036c
Event: 3234.793 Thread 0x000001f5bbd52650 Uncommon trap: reason=class_check action=maybe_recompile pc=0x000001f53b2c460c method=com.android.tools.r8.internal.bl.a(ILcom/android/tools/r8/internal/e01;Lcom/android/tools/r8/internal/oe1;)V @ 174 c2
Event: 3234.793 Thread 0x000001f5bbd52650 DEOPT PACKING pc=0x000001f53b2c460c sp=0x0000000717efaad0
Event: 3234.793 Thread 0x000001f5bbd52650 DEOPT UNPACKING pc=0x000001f537e24422 sp=0x0000000717efaa68 mode 2
Event: 3234.814 Thread 0x000001f5bbd52650 DEOPT PACKING pc=0x000001f52f02c016 sp=0x0000000717efa900
Event: 3234.814 Thread 0x000001f5bbd52650 DEOPT UNPACKING pc=0x000001f537e24bc2 sp=0x0000000717ef9e90 mode 0
Event: 3234.822 Thread 0x000001f5bbd52650 DEOPT PACKING pc=0x000001f52f03ee36 sp=0x0000000717efab70
Event: 3234.822 Thread 0x000001f5bbd52650 DEOPT UNPACKING pc=0x000001f537e24bc2 sp=0x0000000717efa120 mode 0
Event: 3234.829 Thread 0x000001f5bbd52650 DEOPT PACKING pc=0x000001f52f02c016 sp=0x0000000717efa900
Event: 3234.829 Thread 0x000001f5bbd52650 DEOPT UNPACKING pc=0x000001f537e24bc2 sp=0x0000000717ef9e90 mode 0
Event: 3234.865 Thread 0x000001f5bbd52650 DEOPT PACKING pc=0x000001f52f02b8d5 sp=0x0000000717efa900
Event: 3234.865 Thread 0x000001f5bbd52650 DEOPT UNPACKING pc=0x000001f537e24bc2 sp=0x0000000717ef9e88 mode 0

Classes loaded (20 events):
Event: 3020.759 Loading class sun/nio/cs/US_ASCII$Decoder
Event: 3020.760 Loading class sun/nio/cs/US_ASCII$Decoder done
Event: 3022.992 Loading class java/util/stream/ReferencePipeline$15
Event: 3022.994 Loading class java/util/stream/ReferencePipeline$15 done
Event: 3022.994 Loading class java/util/stream/ReferencePipeline$15$1
Event: 3022.994 Loading class java/util/stream/ReferencePipeline$15$1 done
Event: 3025.323 Loading class sun/nio/cs/US_ASCII$Encoder
Event: 3025.323 Loading class sun/nio/cs/US_ASCII$Encoder done
Event: 3025.323 Loading class sun/nio/cs/Surrogate$Parser
Event: 3025.324 Loading class sun/nio/cs/Surrogate$Parser done
Event: 3025.324 Loading class sun/nio/cs/Surrogate
Event: 3025.324 Loading class sun/nio/cs/Surrogate done
Event: 3025.941 Loading class java/util/TreeMap$AscendingSubMap
Event: 3025.942 Loading class java/util/TreeMap$AscendingSubMap done
Event: 3025.942 Loading class java/util/TreeMap$NavigableSubMap$SubMapKeyIterator
Event: 3025.942 Loading class java/util/TreeMap$NavigableSubMap$SubMapKeyIterator done
Event: 3028.925 Loading class java/util/concurrent/Executors$DelegatedScheduledExecutorService
Event: 3028.925 Loading class java/util/concurrent/Executors$DelegatedExecutorService
Event: 3028.926 Loading class java/util/concurrent/Executors$DelegatedExecutorService done
Event: 3028.926 Loading class java/util/concurrent/Executors$DelegatedScheduledExecutorService done

Classes unloaded (20 events):
Event: 1185.171 Thread 0x000001f552351520 Unloading class 0x000001f557b8e500 '_BuildScript_$_run_closure1'
Event: 1185.171 Thread 0x000001f552351520 Unloading class 0x000001f557b8e000 '_BuildScript_'
Event: 1185.171 Thread 0x000001f552351520 Unloading class 0x000001f557b8b3f0 '_BuildScript_$_run_closure1$_closure2'
Event: 1185.171 Thread 0x000001f552351520 Unloading class 0x000001f557b8b000 '_BuildScript_$_run_closure1'
Event: 1185.171 Thread 0x000001f552351520 Unloading class 0x000001f557b8a800 '_BuildScript_'
Event: 1185.171 Thread 0x000001f552351520 Unloading class 0x000001f557b853b0 '_BuildScript_$_run_closure2$_closure8'
Event: 1185.171 Thread 0x000001f552351520 Unloading class 0x000001f557b84fc0 '_BuildScript_$_run_closure2$_closure7'
Event: 1185.171 Thread 0x000001f552351520 Unloading class 0x000001f557b84bd0 '_BuildScript_$_run_closure2$_closure6'
Event: 1185.171 Thread 0x000001f552351520 Unloading class 0x000001f557b847e0 '_BuildScript_$_run_closure2$_closure5'
Event: 1185.171 Thread 0x000001f552351520 Unloading class 0x000001f557b843f0 '_BuildScript_$_run_closure2$_closure4'
Event: 1185.171 Thread 0x000001f552351520 Unloading class 0x000001f557b84000 '_BuildScript_$_run_closure2'
Event: 1185.171 Thread 0x000001f552351520 Unloading class 0x000001f557b7f8f8 '_BuildScript_$_run_closure1$_closure3'
Event: 1185.171 Thread 0x000001f552351520 Unloading class 0x000001f557b7f508 '_BuildScript_$_run_closure1'
Event: 1185.171 Thread 0x000001f552351520 Unloading class 0x000001f557b7f000 '_BuildScript_'
Event: 1185.171 Thread 0x000001f552351520 Unloading class 0x000001f557b7d000 '_BuildScript_$_run_closure1$_closure2'
Event: 1185.171 Thread 0x000001f552351520 Unloading class 0x000001f557b7c400 '_BuildScript_$_run_closure1'
Event: 1185.171 Thread 0x000001f552351520 Unloading class 0x000001f557b7c800 '_BuildScript_'
Event: 2854.143 Thread 0x000001f552351520 Unloading class 0x000001f557ef0c00 'java/lang/invoke/LambdaForm$DMH+0x000001f557ef0c00'
Event: 2854.171 Thread 0x000001f552351520 Unloading class 0x000001f557ef0800 'java/lang/invoke/LambdaForm$DMH+0x000001f557ef0800'
Event: 2854.171 Thread 0x000001f552351520 Unloading class 0x000001f557ef0000 'java/lang/invoke/LambdaForm$DMH+0x000001f557ef0000'

Classes redefined (0 events):
No events

Internal exceptions (20 events):
Event: 3215.849 Thread 0x000001f5bbd51fc0 Implicit null exception at 0x000001f53b1f73de to 0x000001f53b1f787c
Event: 3216.932 Thread 0x000001f5bbd53370 Exception <a 'sun/nio/fs/WindowsException'{0x00000005d93ccb20}> (0x00000005d93ccb20) 
thrown [s\src\hotspot\share\prims\jni.cpp, line 520]
Event: 3216.934 Thread 0x000001f5bbd53370 Exception <a 'sun/nio/fs/WindowsException'{0x00000005d93d4e78}> (0x00000005d93d4e78) 
thrown [s\src\hotspot\share\prims\jni.cpp, line 520]
Event: 3217.160 Thread 0x000001f5bbd52650 Exception <a 'sun/nio/fs/WindowsException'{0x00000005d870ea98}> (0x00000005d870ea98) 
thrown [s\src\hotspot\share\prims\jni.cpp, line 520]
Event: 3217.162 Thread 0x000001f5bbd52650 Exception <a 'sun/nio/fs/WindowsException'{0x00000005d8756c00}> (0x00000005d8756c00) 
thrown [s\src\hotspot\share\prims\jni.cpp, line 520]
Event: 3217.345 Thread 0x000001f5bbd51fc0 Exception <a 'sun/nio/fs/WindowsException'{0x00000005d70db6e8}> (0x00000005d70db6e8) 
thrown [s\src\hotspot\share\prims\jni.cpp, line 520]
Event: 3218.030 Thread 0x000001f5bbd52650 Exception <a 'sun/nio/fs/WindowsException'{0x00000005d6302bf0}> (0x00000005d6302bf0) 
thrown [s\src\hotspot\share\prims\jni.cpp, line 520]
Event: 3218.454 Thread 0x000001f5bbd51fc0 Exception <a 'sun/nio/fs/WindowsException'{0x00000005d59dba40}> (0x00000005d59dba40) 
thrown [s\src\hotspot\share\prims\jni.cpp, line 520]
Event: 3218.684 Thread 0x000001f5bbd53370 Exception <a 'sun/nio/fs/WindowsException'{0x00000005d4d4ec28}> (0x00000005d4d4ec28) 
thrown [s\src\hotspot\share\prims\jni.cpp, line 520]
Event: 3223.584 Thread 0x000001f5bbd52650 Exception <a 'sun/nio/fs/WindowsException'{0x00000005d40951a0}> (0x00000005d40951a0) 
thrown [s\src\hotspot\share\prims\jni.cpp, line 520]
Event: 3223.589 Thread 0x000001f5bbd52650 Exception <a 'sun/nio/fs/WindowsException'{0x00000005d40dd1b8}> (0x00000005d40dd1b8) 
thrown [s\src\hotspot\share\prims\jni.cpp, line 520]
Event: 3224.313 Thread 0x000001f5bbd51fc0 Exception <a 'sun/nio/fs/WindowsException'{0x000000062a402ad0}> (0x000000062a402ad0) 
thrown [s\src\hotspot\share\prims\jni.cpp, line 520]
Event: 3224.316 Thread 0x000001f5bbd51fc0 Exception <a 'sun/nio/fs/WindowsException'{0x000000062a44aa30}> (0x000000062a44aa30) 
thrown [s\src\hotspot\share\prims\jni.cpp, line 520]
Event: 3224.325 Thread 0x000001f5bcc87ac0 Exception <a 'sun/nio/fs/WindowsException'{0x000000062a7e03a8}> (0x000000062a7e03a8) 
thrown [s\src\hotspot\share\prims\jni.cpp, line 520]
Event: 3224.392 Thread 0x000001f5bcc87ac0 Exception <a 'sun/nio/fs/WindowsException'{0x000000062a7e8e88}> (0x000000062a7e8e88) 
thrown [s\src\hotspot\share\prims\jni.cpp, line 520]
Event: 3224.542 Thread 0x000001f5bbd53370 Exception <a 'sun/nio/fs/WindowsException'{0x00000005e63759d8}> (0x00000005e63759d8) 
thrown [s\src\hotspot\share\prims\jni.cpp, line 520]
Event: 3224.555 Thread 0x000001f5bbd53370 Exception <a 'sun/nio/fs/WindowsException'{0x00000005e637d908}> (0x00000005e637d908) 
thrown [s\src\hotspot\share\prims\jni.cpp, line 520]
Event: 3226.795 Thread 0x000001f5bbd51fc0 Exception <a 'sun/nio/fs/WindowsException'{0x00000005e5b03a20}> (0x00000005e5b03a20) 
thrown [s\src\hotspot\share\prims\jni.cpp, line 520]
Event: 3226.797 Thread 0x000001f5bbd51fc0 Exception <a 'sun/nio/fs/WindowsException'{0x00000005e5b4bb00}> (0x00000005e5b4bb00) 
thrown [s\src\hotspot\share\prims\jni.cpp, line 520]
Event: 3227.641 Thread 0x000001f5bcc87ac0 Exception <a 'sun/nio/fs/WindowsException'{0x00000005e38094b0}> (0x00000005e38094b0) 
thrown [s\src\hotspot\share\prims\jni.cpp, line 520]

ZGC Phase Switch (0 events):
No events

VM Operations (20 events):
Event: 3216.689 Executing non-safepoint VM operation: RendezvousGCThreads done
Event: 3217.690 Executing safepoint VM operation: Cleanup
Event: 3217.756 Executing safepoint VM operation: Cleanup done
Event: 3219.757 Executing safepoint VM operation: Cleanup
Event: 3223.564 Executing safepoint VM operation: Cleanup done
Event: 3223.616 Executing safepoint VM operation: G1CollectForAllocation (G1 Evacuation Pause)
Event: 3224.312 Executing safepoint VM operation: G1CollectForAllocation (G1 Evacuation Pause) done
Event: 3226.312 Executing safepoint VM operation: Cleanup
Event: 3226.754 Executing safepoint VM operation: Cleanup done
Event: 3228.755 Executing safepoint VM operation: Cleanup
Event: 3228.846 Executing safepoint VM operation: Cleanup done
Event: 3231.462 Executing safepoint VM operation: G1CollectForAllocation (G1 Evacuation Pause)
Event: 3232.112 Executing safepoint VM operation: G1CollectForAllocation (G1 Evacuation Pause) done
Event: 3232.798 Executing non-safepoint VM operation: HandshakeAllThreads (Deoptimize)
Event: 3232.798 Executing non-safepoint VM operation: HandshakeAllThreads (Deoptimize) done
Event: 3233.797 Executing safepoint VM operation: Cleanup
Event: 3233.797 Executing safepoint VM operation: Cleanup done
Event: 3234.798 Executing safepoint VM operation: Cleanup
Event: 3234.798 Executing safepoint VM operation: Cleanup done
Event: 3234.888 Executing safepoint VM operation: G1CollectForAllocation (G1 Evacuation Pause)

Memory protections (0 events):
No events

Nmethod flushes (20 events):
Event: 2914.136 Thread 0x000001f552351520 flushing  nmethod 0x000001f52ae30a10
Event: 2914.136 Thread 0x000001f552351520 flushing  nmethod 0x000001f52ae31290
Event: 2914.136 Thread 0x000001f552351520 flushing  nmethod 0x000001f52ae3f710
Event: 2914.136 Thread 0x000001f552351520 flushing  nmethod 0x000001f52ae3fc10
Event: 2914.136 Thread 0x000001f552351520 flushing  nmethod 0x000001f52ae42010
Event: 2914.136 Thread 0x000001f552351520 flushing  nmethod 0x000001f52b003090
Event: 2914.136 Thread 0x000001f552351520 flushing  nmethod 0x000001f52b02fd90
Event: 2914.136 Thread 0x000001f552351520 flushing  nmethod 0x000001f52b037a90
Event: 2914.136 Thread 0x000001f552351520 flushing  nmethod 0x000001f52b254b90
Event: 2914.136 Thread 0x000001f552351520 flushing  nmethod 0x000001f52b259d90
Event: 2914.136 Thread 0x000001f552351520 flushing  nmethod 0x000001f52b270290
Event: 2914.136 Thread 0x000001f552351520 flushing  nmethod 0x000001f52b270790
Event: 2914.136 Thread 0x000001f552351520 flushing  nmethod 0x000001f52b2e9710
Event: 2914.136 Thread 0x000001f552351520 flushing  nmethod 0x000001f52b2ea290
Event: 2914.136 Thread 0x000001f552351520 flushing  nmethod 0x000001f52b2ec510
Event: 2914.190 Thread 0x000001f552351520 flushing  nmethod 0x000001f52b74e790
Event: 2914.190 Thread 0x000001f552351520 flushing  nmethod 0x000001f52b74fa10
Event: 2914.190 Thread 0x000001f552351520 flushing  nmethod 0x000001f52b751f90
Event: 2914.190 Thread 0x000001f552351520 flushing  nmethod 0x000001f52b77ab10
Event: 2914.190 Thread 0x000001f552351520 flushing  nmethod 0x000001f52b77f190

Events (20 events):
Event: 3073.971 Thread 0x000001f5bcc88150 Thread added: 0x000001f5aff24e70
Event: 3073.971 Thread 0x000001f5bcc88150 Thread added: 0x000001f5aff24150
Event: 3082.416 Thread 0x000001f5523954e0 Thread added: 0x000001f5adc8f740
Event: 3110.679 Thread 0x000001f5b73f7950 Thread added: 0x000001f5aff29d30
Event: 3154.043 Thread 0x000001f5adc8f740 Thread exited: 0x000001f5adc8f740
Event: 3155.889 Thread 0x000001f552395f80 Thread added: 0x000001f5ac565740
Event: 3158.037 Thread 0x000001f5ac565740 Thread exited: 0x000001f5ac565740
Event: 3160.203 Thread 0x000001f552395f80 Thread added: 0x000001f5adc92dc0
Event: 3160.385 Thread 0x000001f5adc92dc0 Thread exited: 0x000001f5adc92dc0
Event: 3160.390 Thread 0x000001f552395f80 Thread added: 0x000001f5b96134e0
Event: 3169.346 Thread 0x000001f5b96134e0 Thread exited: 0x000001f5b96134e0
Event: 3170.670 Thread 0x000001f552395f80 Thread added: 0x000001f5ac565740
Event: 3187.773 Thread 0x000001f5ac565740 Thread exited: 0x000001f5ac565740
Event: 3187.912 Thread 0x000001f552395f80 Thread added: 0x000001f5adc92dc0
Event: 3190.015 Thread 0x000001f5adc92dc0 Thread exited: 0x000001f5adc92dc0
Event: 3192.960 Thread 0x000001f552395f80 Thread added: 0x000001f5ad6556e0
Event: 3200.431 Thread 0x000001f5ad6556e0 Thread exited: 0x000001f5ad6556e0
Event: 3200.678 Thread 0x000001f552395f80 Thread added: 0x000001f5adc8f740
Event: 3205.931 Thread 0x000001f5adc8f740 Thread exited: 0x000001f5adc8f740
Event: 3227.017 Thread 0x000001f5aff29d30 Thread exited: 0x000001f5aff29d30


Dynamic libraries:
0x00007ff75f6a0000 - 0x00007ff75f6ae000 	C:\Program Files\Eclipse Adoptium\jdk-21.0.12.8-hotspot\bin\java.exe
0x00007ffd18a20000 - 0x00007ffd18c87000 	C:\WINDOWS\SYSTEM32\ntdll.dll
0x00007ffd16cc0000 - 0x00007ffd16d8a000 	C:\WINDOWS\System32\KERNEL32.DLL
0x00007ffd16180000 - 0x00007ffd16582000 	C:\WINDOWS\System32\KERNELBASE.dll
0x00007ffd16020000 - 0x00007ffd1616c000 	C:\WINDOWS\System32\ucrtbase.dll
0x00007ffcfb150000 - 0x00007ffcfb16e000 	C:\Program Files\Eclipse Adoptium\jdk-21.0.12.8-hotspot\bin\VCRUNTIME140.dll
0x00007ffcf8700000 - 0x00007ffcf8718000 	C:\Program Files\Eclipse Adoptium\jdk-21.0.12.8-hotspot\bin\jli.dll
0x00007ffd16a70000 - 0x00007ffd16c3f000 	C:\WINDOWS\System32\USER32.dll
0x00007ffd16590000 - 0x00007ffd165b7000 	C:\WINDOWS\System32\win32u.dll
0x00007ffd16ec0000 - 0x00007ffd16eeb000 	C:\WINDOWS\System32\GDI32.dll
0x00007ffcffbd0000 - 0x00007ffcffe60000 	C:\WINDOWS\WinSxS\amd64_microsoft.windows.common-controls_6595b64144ccf1df_6.0.26100.9278_none_3e0d1ba8e3303201\COMCTL32.dll
0x00007ffd17860000 - 0x00007ffd17909000 	C:\WINDOWS\System32\msvcrt.dll
0x00007ffd15c30000 - 0x00007ffd15d59000 	C:\WINDOWS\System32\gdi32full.dll
0x00007ffd15f70000 - 0x00007ffd16013000 	C:\WINDOWS\System32\msvcp_win.dll
0x00007ffd16ef0000 - 0x00007ffd16f21000 	C:\WINDOWS\System32\IMM32.DLL
0x00007ffd106e0000 - 0x00007ffd106ec000 	C:\Program Files\Eclipse Adoptium\jdk-21.0.12.8-hotspot\bin\vcruntime140_1.dll
0x00007ffcf16c0000 - 0x00007ffcf174d000 	C:\Program Files\Eclipse Adoptium\jdk-21.0.12.8-hotspot\bin\msvcp140.dll
0x00007ffc84b30000 - 0x00007ffc858d2000 	C:\Program Files\Eclipse Adoptium\jdk-21.0.12.8-hotspot\bin\server\jvm.dll
0x00007ffd180f0000 - 0x00007ffd181ac000 	C:\WINDOWS\System32\ADVAPI32.dll
0x00007ffd17f40000 - 0x00007ffd17fe9000 	C:\WINDOWS\System32\sechost.dll
0x00007ffd16da0000 - 0x00007ffd16eb8000 	C:\WINDOWS\System32\RPCRT4.dll
0x00007ffd17360000 - 0x00007ffd173e0000 	C:\WINDOWS\System32\WS2_32.dll
0x00007ffd15a90000 - 0x00007ffd15aee000 	C:\WINDOWS\SYSTEM32\POWRPROF.dll
0x00007ffd0e6b0000 - 0x00007ffd0e6bb000 	C:\WINDOWS\SYSTEM32\VERSION.dll
0x00007ffd0e670000 - 0x00007ffd0e6a6000 	C:\WINDOWS\SYSTEM32\WINMM.dll
0x00007ffd15a70000 - 0x00007ffd15a85000 	C:\WINDOWS\SYSTEM32\UMPDC.dll
0x00007ffd14900000 - 0x00007ffd1491b000 	C:\WINDOWS\SYSTEM32\kernel.appcore.dll
0x00007ffd10610000 - 0x00007ffd1061a000 	C:\Program Files\Eclipse Adoptium\jdk-21.0.12.8-hotspot\bin\jimage.dll
0x00007ffd09240000 - 0x00007ffd09482000 	C:\WINDOWS\SYSTEM32\DBGHELP.DLL
0x00007ffd174d0000 - 0x00007ffd17854000 	C:\WINDOWS\System32\combase.dll
0x00007ffd173f0000 - 0x00007ffd174c9000 	C:\WINDOWS\System32\OLEAUT32.dll
0x00007ffcfb9f0000 - 0x00007ffcfba2b000 	C:\WINDOWS\SYSTEM32\dbgcore.DLL
0x00007ffd15eb0000 - 0x00007ffd15f5c000 	C:\WINDOWS\System32\bcryptPrimitives.dll
0x00007ffcf1850000 - 0x00007ffcf185f000 	C:\Program Files\Eclipse Adoptium\jdk-21.0.12.8-hotspot\bin\instrument.dll
0x00007ffcf4b10000 - 0x00007ffcf4b30000 	C:\Program Files\Eclipse Adoptium\jdk-21.0.12.8-hotspot\bin\java.dll
0x00007ffd181c0000 - 0x00007ffd18958000 	C:\WINDOWS\System32\SHELL32.dll
0x00007ffd136d0000 - 0x00007ffd13f7e000 	C:\WINDOWS\SYSTEM32\windows.storage.dll
0x00007ffd167c0000 - 0x00007ffd168bb000 	C:\WINDOWS\System32\SHCORE.dll
0x00007ffd16c50000 - 0x00007ffd16cb6000 	C:\WINDOWS\System32\shlwapi.dll
0x00007ffd15b20000 - 0x00007ffd15b49000 	C:\WINDOWS\SYSTEM32\profapi.dll
0x00007ffcec100000 - 0x00007ffcec1d7000 	C:\Program Files\Eclipse Adoptium\jdk-21.0.12.8-hotspot\bin\jsvml.dll
0x00007ffcf1870000 - 0x00007ffcf1888000 	C:\Program Files\Eclipse Adoptium\jdk-21.0.12.8-hotspot\bin\zip.dll
0x00007ffd0b090000 - 0x00007ffd0b0a0000 	C:\Program Files\Eclipse Adoptium\jdk-21.0.12.8-hotspot\bin\net.dll
0x00007ffd0b970000 - 0x00007ffd0ba9a000 	C:\WINDOWS\SYSTEM32\WINHTTP.dll
0x00007ffd14ec0000 - 0x00007ffd14f2c000 	C:\WINDOWS\system32\mswsock.dll
0x00007ffcf1890000 - 0x00007ffcf18a6000 	C:\Program Files\Eclipse Adoptium\jdk-21.0.12.8-hotspot\bin\nio.dll
0x00007ffd09dd0000 - 0x00007ffd09de0000 	C:\Program Files\Eclipse Adoptium\jdk-21.0.12.8-hotspot\bin\verify.dll
0x00007ffcf4b30000 - 0x00007ffcf4b57000 	C:\Users\home\.gradle\native\1def1411415f61bf3af743bc5b6707747c0891f09f0c88961ee8f79bc544acac\windows-amd64\native-platform.dll
0x00007ffce77f0000 - 0x00007ffce7867000 	C:\Users\home\.gradle\native\0.2.8\x86_64-windows-gnu\gradle-fileevents.dll
0x00007ffcff880000 - 0x00007ffcff88a000 	C:\Program Files\Eclipse Adoptium\jdk-21.0.12.8-hotspot\bin\management.dll
0x00007ffcfb0d0000 - 0x00007ffcfb0dc000 	C:\Program Files\Eclipse Adoptium\jdk-21.0.12.8-hotspot\bin\management_ext.dll
0x00007ffd17130000 - 0x00007ffd17138000 	C:\WINDOWS\System32\PSAPI.DLL
0x00007ffd14320000 - 0x00007ffd14353000 	C:\WINDOWS\SYSTEM32\IPHLPAPI.DLL
0x00007ffd16d90000 - 0x00007ffd16d9a000 	C:\WINDOWS\System32\NSI.dll
0x00007ffcf1860000 - 0x00007ffcf1869000 	C:\Program Files\Eclipse Adoptium\jdk-21.0.12.8-hotspot\bin\extnet.dll
0x00007ffd151d0000 - 0x00007ffd151eb000 	C:\WINDOWS\SYSTEM32\CRYPTSP.dll
0x00007ffd14860000 - 0x00007ffd14899000 	C:\WINDOWS\system32\rsaenh.dll
0x00007ffd14f70000 - 0x00007ffd14fa4000 	C:\WINDOWS\SYSTEM32\USERENV.dll
0x00007ffd15b50000 - 0x00007ffd15b7a000 	C:\WINDOWS\SYSTEM32\bcrypt.dll
0x00007ffd151b0000 - 0x00007ffd151bc000 	C:\WINDOWS\SYSTEM32\CRYPTBASE.dll
0x00007ffcf1840000 - 0x00007ffcf184e000 	C:\Program Files\Eclipse Adoptium\jdk-21.0.12.8-hotspot\bin\sunmscapi.dll
0x00007ffd165c0000 - 0x00007ffd1673e000 	C:\WINDOWS\System32\CRYPT32.dll
0x00007ffd153f0000 - 0x00007ffd15420000 	C:\WINDOWS\SYSTEM32\ncrypt.dll
0x00007ffd153a0000 - 0x00007ffd153df000 	C:\WINDOWS\SYSTEM32\NTASN1.dll
0x00007ffcee5f0000 - 0x00007ffcee5f8000 	C:\WINDOWS\system32\wshunix.dll
0x00007ffced780000 - 0x00007ffced787000 	C:\Program Files\Eclipse Adoptium\jdk-21.0.12.8-hotspot\bin\rmi.dll
0x00007ffd143c0000 - 0x00007ffd14518000 	C:\WINDOWS\SYSTEM32\DNSAPI.dll
0x00007ffd14ca0000 - 0x00007ffd14cad000 	C:\WINDOWS\SYSTEM32\DSPARSE.dll
0x00007ffd0acf0000 - 0x00007ffd0acfb000 	C:\Windows\System32\rasadhlp.dll
0x00007ffd0a1a0000 - 0x00007ffd0a226000 	C:\WINDOWS\System32\fwpuclnt.dll
0x00007ffd14a30000 - 0x00007ffd14a66000 	C:\WINDOWS\SYSTEM32\ntmarta.dll
0x00007ffd12b30000 - 0x00007ffd12bcf000 	C:\WINDOWS\system32\apphelp.dll

JVMTI agents:
C:\Users\home\.gradle\wrapper\dists\gradle-9.1.0-all\7wzd0jkjit61aq2p43wpjgij9\gradle-9.1.0\lib\agents\gradle-instrumentation-agent-9.1.0.jar path:C:\Program Files\Eclipse Adoptium\jdk-21.0.12.8-hotspot\bin\instrument.dll, loaded, initialized, instrumentlib options:none

dbghelp: loaded successfully - version: 4.0.5 - missing functions: none
symbol engine: initialized successfully - sym options: 0x614 - pdb path: .;C:\Program Files\Eclipse Adoptium\jdk-21.0.12.8-hotspot\bin;C:\WINDOWS\SYSTEM32;C:\WINDOWS\WinSxS\amd64_microsoft.windows.common-controls_6595b64144ccf1df_6.0.26100.9278_none_3e0d1ba8e3303201;C:\Program Files\Eclipse Adoptium\jdk-21.0.12.8-hotspot\bin\server;C:\Users\home\.gradle\native\1def1411415f61bf3af743bc5b6707747c0891f09f0c88961ee8f79bc544acac\windows-amd64;C:\Users\home\.gradle\native\0.2.8\x86_64-windows-gnu

VM Arguments:
jvm_args: --add-opens=java.base/java.lang=ALL-UNNAMED --add-opens=java.base/java.lang.invoke=ALL-UNNAMED --add-opens=java.base/java.util=ALL-UNNAMED --add-opens=java.prefs/java.util.prefs=ALL-UNNAMED --add-exports=jdk.compiler/com.sun.tools.javac.api=ALL-UNNAMED --add-exports=jdk.compiler/com.sun.tools.javac.util=ALL-UNNAMED --add-opens=java.base/java.util=ALL-UNNAMED --add-opens=java.prefs/java.util.prefs=ALL-UNNAMED --add-opens=java.base/java.nio.charset=ALL-UNNAMED --add-opens=java.base/java.net=ALL-UNNAMED --add-opens=java.base/java.util.concurrent=ALL-UNNAMED --add-opens=java.base/java.util.concurrent.atomic=ALL-UNNAMED --add-opens=java.xml/javax.xml.namespace=ALL-UNNAMED --add-opens=java.base/java.time=ALL-UNNAMED -XX:MaxMetaspaceSize=4G -XX:ReservedCodeCacheSize=512m -XX:+HeapDumpOnOutOfMemoryError -Xmx8G -Dfile.encoding=UTF-8 -Duser.country=IN -Duser.language=en -Duser.variant -javaagent:C:\Users\home\.gradle\wrapper\dists\gradle-9.1.0-all\7wzd0jkjit61aq2p43wpjgij9\gradle-9.1.0\lib\agents\gradle-instrumentation-agent-9.1.0.jar 
java_command: org.gradle.launcher.daemon.bootstrap.GradleDaemon 9.1.0
java_class_path (initial): C:\Users\home\.gradle\wrapper\dists\gradle-9.1.0-all\7wzd0jkjit61aq2p43wpjgij9\gradle-9.1.0\lib\gradle-daemon-main-9.1.0.jar
Launcher Type: SUN_STANDARD

[Global flags]
     intx CICompilerCount                          = 3                                         {product} {ergonomic}
     uint ConcGCThreads                            = 1                                         {product} {ergonomic}
     uint G1ConcRefinementThreads                  = 4                                         {product} {ergonomic}
   size_t G1HeapRegionSize                         = 4194304                                   {product} {ergonomic}
    uintx GCDrainStackTargetSize                   = 64                                        {product} {ergonomic}
     bool HeapDumpOnOutOfMemoryError               = true                                   {manageable} {command line}
   size_t InitialHeapSize                          = 100663296                                 {product} {ergonomic}
   size_t MarkStackSize                            = 4194304                                   {product} {ergonomic}
   size_t MaxHeapSize                              = 8589934592                                {product} {command line}
   size_t MaxMetaspaceSize                         = 4294967296                                {product} {command line}
   size_t MaxNewSize                               = 5150605312                                {product} {ergonomic}
   size_t MinHeapDeltaBytes                        = 4194304                                   {product} {ergonomic}
   size_t MinHeapSize                              = 8388608                                   {product} {ergonomic}
    uintx NonNMethodCodeHeapSize                   = 5832780                                {pd product} {ergonomic}
    uintx NonProfiledCodeHeapSize                  = 265519066                              {pd product} {ergonomic}
    uintx ProfiledCodeHeapSize                     = 265519066                              {pd product} {ergonomic}
    uintx ReservedCodeCacheSize                    = 536870912                              {pd product} {command line}
     bool SegmentedCodeCache                       = true                                      {product} {ergonomic}
   size_t SoftMaxHeapSize                          = 8589934592                             {manageable} {ergonomic}
     bool UseCompressedOops                        = true                           {product lp64_product} {ergonomic}
     bool UseG1GC                                  = true                                      {product} {ergonomic}
     bool UseLargePagesIndividualAllocation        = false                                  {pd product} {ergonomic}

Logging:
Log output configuration:
 #0: stdout all=warning uptime,level,tags foldmultilines=false
 #1: stderr all=off uptime,level,tags foldmultilines=false

Release file:
IMPLEMENTOR="Eclipse Adoptium" 
IMPLEMENTOR_VERSION="Temurin-21.0.12+8" 
JAVA_RUNTIME_VERSION="21.0.12+8-LTS" 
JAVA_VERSION="21.0.12" 
JAVA_VERSION_DATE="2026-07-21" 
LIBC="default" 
MODULES="java.base java.compiler java.datatransfer java.xml java.prefs java.desktop java.instrument java.logging java.management java.security.sasl java.naming java.rmi java.management.rmi java.net.http java.scripting java.security.jgss java.transaction.xa java.sql java.sql.rowset java.xml.crypto java.se java.smartcardio jdk.accessibility jdk.internal.jvmstat jdk.attach jdk.charsets jdk.internal.opt jdk.zipfs jdk.compiler jdk.crypto.ec jdk.crypto.cryptoki jdk.crypto.mscapi jdk.dynalink jdk.internal.ed jdk.editpad jdk.hotspot.agent jdk.httpserver jdk.incubator.vector jdk.internal.le jdk.internal.vm.ci jdk.internal.vm.compiler jdk.internal.vm.compiler.management jdk.jartool jdk.javadoc jdk.jcmd jdk.management jdk.management.agent jdk.jconsole jdk.jdeps jdk.jdwp.agent jdk.jdi jdk.jfr jdk.jlink jdk.jpackage jdk.jshell jdk.jsobject jdk.jstatd jdk.localedata jdk.management.jfr jdk.naming.dns jdk.naming.rmi jdk.net jdk.nio.mapmode jdk.random jdk.sctp jdk.security.auth jdk.security.jgss jdk.unsupported jdk.unsupported.desktop jdk.xml.dom" 
OS_ARCH="x86_64" 
OS_NAME="Windows" 
SOURCE=".:git:04806bcb1d50" 
BUILD_SOURCE="git:e6ba7dec3d07654074559310376a3ae89da5f4ac"
BUILD_SOURCE_REPO="https://github.com/adoptium/temurin-build.git"
SOURCE_REPO="https://github.com/adoptium/jdk21u.git"
FULL_VERSION="21.0.12+8-LTS"
SEMANTIC_VERSION="21.0.12+8"
BUILD_INFO="OS: Windows Server 2022 Version: 10.0"
JVM_VARIANT="Hotspot"
JVM_VERSION="21.0.12+8-LTS"
IMAGE_TYPE="JDK"

Environment Variables:
JAVA_HOME=C:\Program Files\Eclipse Adoptium\jdk-21.0.12.8-hotspot
CLASSPATH=C:\Flutter Projects\we_drive_partner\android\\gradle\wrapper\gradle-wrapper.jar
PATH=C:\Program Files\Eclipse Adoptium\jdk-21.0.12.8-hotspot\bin;C:\Program Files\Eclipse Adoptium\jdk-21.0.12.8-hotspot\bin;C:\Program Files\Common Files\Oracle\Java\javapath;C:\WINDOWS\system32;C:\WINDOWS;C:\WINDOWS\System32\Wbem;C:\WINDOWS\System32\WindowsPowerShell\v1.0\;C:\WINDOWS\System32\OpenSSH\;C:\Program Files\Git\cmd;C:\Program Files\Java\jdk-18.0.1.1\bin;C:\Program Files\nodejs\;C:\Users\home\AppData\Local\Programs\Python\Launcher\;C:\Users\home\AppData\Local\Microsoft\WindowsApps;C:\Users\home\AppData\Local\Programs\Microsoft VS Code\bin;D:\flutter\bin;C:\Users\home\AppData\Local\Android\Sdk\platform-tools;C:\Users\home\AppData\Roaming\npm;C:\Users\home\AppData\Local\Pub\Cache\bin;C:\Users\home\AppData\Local\GitHubDesktop\bin
USERNAME=home
LANG=en_US.UTF-8
OS=Windows_NT
PROCESSOR_IDENTIFIER=AMD64 Family 23 Model 24 Stepping 1, AuthenticAMD
TMP=C:\Users\home\AppData\Local\Temp
TEMP=C:\Users\home\AppData\Local\Temp




Periodic native trim disabled

---------------  S Y S T E M  ---------------

OS:
 Windows 11 , 64 bit Build 26100 (10.0.26100.9278)
OS uptime: 0 days 4:42 hours

CPU: total 4 (initial active 4) (4 cores per cpu, 2 threads per core) family 23 model 24 stepping 1 microcode 0x810810d, cx8, cmov, fxsr, ht, mmx, 3dnowpref, sse, sse2, sse3, ssse3, sse4a, sse4.1, sse4.2, popcnt, lzcnt, tsc, tscinvbit, avx, avx2, aes, clmul, bmi1, bmi2, adx, sha, fma, vzeroupper, clflush, clflushopt, rdtscp, f16c
Processor Information for the first 4 processors :
  Max Mhz: 2600, Current Mhz: 2600, Mhz Limit: 2600

Memory: 4k page, system-wide physical 6086M (301M free)
TotalPageFile size 24402M (AvailPageFile size 248M)
current process WorkingSet (physical memory assigned to process): 1094M, peak: 1329M
current process commit charge ("private bytes"): 8064M, peak: 8432M

vm_info: OpenJDK 64-Bit Server VM (21.0.12+8-LTS) for windows-amd64 JRE (21.0.12+8-LTS), built on 2026-07-21T00:00:00Z by "admin" with MS VC++ 17.12 (VS2022)

END.
